region_name,state_name,lat_max,lat_min,lng_max,lng_min,lat_avg,lng_avg,yearly_sunlight_kwh_kw_threshold_avg,count_qualified,percent_covered,percent_qualified,number_of_panels_n,number_of_panels_s,number_of_panels_e,number_of_panels_w,number_of_panels_f,number_of_panels_median,number_of_panels_total,kw_median,kw_total,yearly_sunlight_kwh_n,yearly_sunlight_kwh_s,yearly_sunlight_kwh_e,yearly_sunlight_kwh_w,yearly_sunlight_kwh_f,yearly_sunlight_kwh_median,yearly_sunlight_kwh_total,install_size_kw_buckets,carbon_offset_metric_tons,existing_installs_count,center_point
11001008701,District of Columbia,38.91873169,38.90921021,-77.00350189,-77.00904846,38.91409683,-77.00627899,1037,412,97.20812183,53.78590078,117,1269,1187,1549,10798,12,14920,3,3730,28581.05275,427048.3947,349779.2606,455124.1823,3277055.714,3647.839331,4537588.605,"[[0,338],[5,48],[10,7],[15,3],[20,1],[30,2],[35,4],[85,1],[160,1],[165,1],[180,1],[185,1],[200,1],[205,1],[315,1],[570,1]]",2883.45892,0,POINT(-77.0062789916992 38.9140968322754)
11001009604,District of Columbia,38.89707184,38.88977051,-76.95136261,-76.96337891,38.89339066,-76.9582901,1037,224,90.8388521,27.21749696,21,367,97,44,6442,12,6971,3,1742.75,5770.562427,118246.4691,27665.6895,12259.69246,1983207.261,3571.564386,2147149.675,"[[0,171],[5,23],[10,13],[15,5],[20,2],[25,2],[30,2],[35,1],[40,1],[90,1],[165,1],[185,1],[195,1]]",1364.429088,0,POINT(-76.9582901000977 38.8933906555176)
11001002201,District of Columbia,38.95207977,38.94612122,-77.01940918,-77.02742767,38.94913483,-77.02329254,1037,614,97.79208832,57.76105362,65,302,286,287,9732,13,10672,3.25,2668,18263.6022,98474.0565,84944.43571,86141.16256,2960635.623,4116.370703,3248458.88,"[[0,485],[5,109],[10,11],[15,2],[20,2],[25,1],[30,1],[35,1],[55,1],[110,1]]",2064.267731,0,POINT(-77.0232925415039 38.9491348266602)
11001006801,District of Columbia,38.88980103,38.88455963,-76.97725677,-76.98365021,38.88772964,-76.98010254,1037,293,92.76923077,48.59038143,54,214,50,76,5457,13,5851,3.25,1462.75,14667.06823,68837.2665,15185.00326,21998.96351,1660676.881,3899.489966,1781365.183,"[[0,228],[5,43],[10,11],[15,4],[20,2],[25,1],[30,1],[35,1],[75,2]]",1131.987444,0,POINT(-76.9801025390625 38.8877296447754)
11001008001,District of Columbia,38.90013123,38.89350128,-76.98343658,-76.99024963,38.89619446,-76.98664856,1037,537,94.58972047,51.19161106,9,201,85,303,9418,13,10016,3.25,2504,2410.638495,65134.1063,25295.98817,87158.90433,2871656.548,3882.805396,3051656.186,"[[0,433],[5,84],[10,4],[15,2],[25,6],[30,2],[35,1],[40,1],[45,2],[85,1],[105,1]]",1939.207367,0,POINT(-76.9866485595703 38.8961944580078)
11001008002,District of Columbia,38.89358139,38.88922882,-76.97383881,-76.991539,38.89153671,-76.98275757,1037,456,90.05681818,47.94952681,33,801,132,88,10362,13,11416,3.25,2854,9247.218793,261770.8507,38900.33716,26045.01207,3164167.866,3891.000757,3500131.285,"[[0,339],[5,76],[10,16],[15,9],[20,3],[25,4],[30,1],[50,1],[65,1],[75,1],[90,1],[100,1],[120,1],[145,2]]",2224.195637,1,POINT(-76.9827575683594 38.8915367126465)
11001008410,District of Columbia,38.90399933,38.90013885,-76.98413086,-76.99495697,38.90155411,-76.99111938,1037,295,78.77947295,51.93661972,35,417,211,191,4250,13,5104,3.25,1276,9378.125745,140201.1948,63134.32182,56146.14093,1295571.152,4163.106592,1564430.935,"[[0,227],[5,56],[10,8],[15,2],[30,1],[35,1]]",994.1342703,0,POINT(-76.9911193847656 38.901554107666)
11001009906,District of Columbia,38.88977814,38.88562012,-76.93206024,-76.94055939,38.88791275,-76.93592072,1037,179,97.28915663,55.41795666,120,1045,699,821,4377,13,7062,3.25,1765.5,30999.40122,342177.6789,197761.8355,241945.5458,1327975.213,3992.806934,2140859.674,"[[0,118],[5,26],[10,5],[15,8],[20,3],[25,2],[30,3],[35,6],[50,1],[55,2],[60,1],[65,1],[75,1],[90,1],[170,1]]",1360.432041,4,POINT(-76.935920715332 38.8879127502441)
11001000300,District of Columbia,38.9225502,38.91257858,-77.06923676,-77.08226776,38.91755295,-77.07566071,1037,861,96.13710555,48.72665535,175,3365,931,1793,15246,14,21510,3.5,5377.5,47139.38612,1081625.827,271090.4322,505220.8542,4562079.818,4353.999243,6467156.317,"[[0,594],[5,187],[10,46],[15,11],[20,4],[25,4],[30,1],[35,2],[40,1],[70,1],[75,3],[90,1],[95,1],[110,1],[125,1],[130,1],[135,1],[225,1]]",4109.623238,0,POINT(-77.0756607055664 38.917552947998)
11001002101,District of Columbia,38.96100998,38.95186996,-77.01967621,-77.02823639,38.95591354,-77.02413177,1037,744,96.54901961,60.43866775,415,1235,607,1032,16934,14,20223,3.5,5055.75,109754.2399,403922.0889,175387.1451,302457.1902,5141813.34,4375.661377,6133334.004,"[[0,521],[5,160],[10,14],[15,10],[20,9],[25,4],[30,5],[35,4],[45,2],[50,1],[55,1],[60,1],[65,1],[70,1],[75,2],[80,2],[85,1],[90,1],[95,1],[120,1],[130,1],[190,1]]",3897.4923,0,POINT(-77.0241317749023 38.9559135437012)
11001002202,District of Columbia,38.95241165,38.94432831,-77.0085907,-77.01967621,38.94884491,-77.01386261,1037,400,96.34760705,52.2875817,75,841,325,234,7971,14,9446,3.5,2361.5,19643.89315,274391.1511,93724.84264,68414.27985,2415335.159,4307.367114,2871509.325,"[[0,293],[5,73],[10,19],[15,6],[20,1],[25,2],[30,1],[40,1],[55,1],[65,1],[130,1],[240,1]]",1824.731129,0,POINT(-77.0138626098633 38.948844909668)
11001002301,District of Columbia,38.94643021,38.93740082,-77.01154327,-77.01995087,38.94258881,-77.01657104,1037,670,97.6744186,69.35817805,951,696,1223,1274,7644,14,11788,3.5,2947,265049.1661,225493.495,362638.585,372348.2052,2312376.628,4262.788599,3537906.08,"[[0,504],[5,145],[10,12],[15,2],[20,3],[25,1],[30,2],[105,1]]",2248.200032,0,POINT(-77.0165710449219 38.9425888061523)
11001002900,District of Columbia,38.93708038,38.93019867,-77.02516937,-77.0327301,38.93384552,-77.0298996,1037,463,96.61016949,54.15204678,184,605,300,597,8226,14,9912,3.5,2478,51274.62823,197430.6616,87684.6092,170081.8013,2498780.677,4100.671021,3005252.377,"[[0,351],[5,78],[10,12],[15,9],[20,8],[30,2],[35,1],[65,1],[260,1]]",1909.719574,1,POINT(-77.029899597168 38.9338455200195)
11001003301,District of Columbia,38.92667007,38.91498947,-77.0090332,-77.01493073,38.92041779,-77.01145935,1037,500,94.54365079,52.46589717,389,699,59,473,6886,14,8506,3.5,2126.5,105975.5679,228072.0294,17100.19001,140741.7343,2091032.577,4134.140601,2582922.099,"[[0,400],[5,83],[10,7],[15,3],[20,3],[25,2],[35,1],[40,1]]",1641.345308,0,POINT(-77.0114593505859 38.9204177856445)
11001004600,District of Columbia,38.91464996,38.90536118,-77.00904846,-77.01811218,38.90973663,-77.01332092,1037,475,93.84920635,50.21141649,497,1372,442,759,15833,14,18903,3.5,4725.75,128277.732,453551.761,128162.5648,219885.9677,4806590.404,4112.479297,5736468.43,"[[0,353],[5,84],[10,7],[15,6],[20,1],[25,2],[30,8],[35,1],[40,1],[45,1],[50,1],[55,1],[60,1],[65,1],[80,1],[130,1],[135,2],[160,1],[575,1],[1015,1]]",3645.299851,0,POINT(-77.0133209228516 38.9097366333008)
11001006700,District of Columbia,38.88980865,38.88454819,-76.98364258,-76.99497223,38.88759613,-76.98995972,1037,341,55.53925165,45.04623514,120,221,220,360,5120,14,6041,3.5,1510.25,33201.90738,71708.7212,64012.74577,105869.9973,1553591.822,4124.236212,1828385.193,"[[0,259],[5,70],[10,5],[15,3],[20,2],[25,1],[105,1]]",1161.86681,0,POINT(-76.9899597167969 38.8875961303711)
11001006802,District of Columbia,38.88711929,38.87873077,-76.97725677,-76.98365784,38.8831749,-76.9814682,1037,346,89.44785276,47.46227709,4,156,50,58,6514,14,6782,3.5,1695.5,1026.278088,51348.33575,14121.48247,17268.80233,2000221.248,4138.91189,2083986.147,"[[0,284],[5,49],[10,3],[15,1],[20,3],[25,1],[35,1],[40,1],[45,1],[100,1],[115,1]]",1324.291153,1,POINT(-76.9814682006836 38.8831748962402)
11001006900,District of Columbia,38.88711929,38.87955856,-76.98365021,-76.99375916,38.88363647,-76.98735046,1037,385,85.30066815,50.26109661,438,903,485,695,11621,14,14142,3.5,3535.5,118627.8077,295343.0462,141677.5373,203999.3054,3562568.388,4376.862292,4322216.085,"[[0,277],[5,67],[10,10],[15,3],[20,6],[25,5],[30,1],[35,2],[40,3],[45,1],[50,1],[55,1],[65,1],[70,1],[90,1],[145,1],[165,1],[175,1],[200,1],[510,1]]",2746.598163,2,POINT(-76.9873504638672 38.8836364746094)
11001007100,District of Columbia,38.88278961,38.87147141,-76.9781723,-76.991539,38.87713242,-76.98712921,1037,271,93.79968203,45.93220339,20,291,192,264,14340,14,15107,3.5,3776.75,5359.481073,93776.8627,54190.0306,77993.2955,4368433.877,4282.7995,4599753.547,"[[0,176],[5,49],[10,9],[15,11],[20,6],[25,3],[30,3],[40,1],[45,2],[65,1],[70,1],[105,1],[115,2],[130,1],[160,1],[300,1],[325,1],[330,1],[485,1]]",2922.962294,0,POINT(-76.9871292114258 38.8771324157715)
11001008402,District of Columbia,38.90019989,38.89543152,-76.98343658,-76.99497223,38.89860535,-76.99108124,1037,188,52.25225225,54.02298851,25,52,17,98,4626,14,4818,3.5,1204.5,7041.970679,16964.77667,4714.38866,27364.07708,1394244.188,4094.190601,1450329.401,"[[0,136],[5,35],[10,1],[15,6],[20,2],[30,4],[35,1],[40,1],[50,1],[155,1]]",921.6272369,0,POINT(-76.991081237793 38.8986053466797)
11001008802,District of Columbia,38.90777969,38.90010071,-76.98085785,-76.99313354,38.90393448,-76.98664856,1037,729,96.19269619,58.88529887,144,562,896,671,14281,14,16554,3.5,4138.5,39846.37263,183099.1421,279411.7863,184337.3525,4345925.123,4174.863818,5032619.776,"[[0,515],[5,160],[10,36],[15,5],[20,1],[35,1],[40,3],[50,2],[65,1],[75,2],[80,1],[180,1],[230,1]]",3198.031741,0,POINT(-76.9866485595703 38.9039344787598)
11001009203,District of Columbia,38.92700958,38.91680908,-77.0005722,-77.00904083,38.92197418,-77.00553131,1037,463,96.89826303,59.28297055,112,1007,461,512,7593,14,9685,3.5,2421.25,31357.72488,329268.3915,136529.8226,144651.6109,2309454.647,4141.094891,2951262.197,"[[0,379],[5,54],[10,16],[15,4],[20,1],[30,1],[35,2],[45,1],[60,1],[65,1],[80,1],[110,1],[135,1]]",1875.410939,0,POINT(-77.0055313110352 38.9219741821289)
11001009509,District of Columbia,38.95241165,38.94626999,-76.9888916,-77.00171661,38.94919205,-76.99495697,1037,971,98.34710744,74.17876241,778,4386,2641,4297,10709,14,22811,3.5,5702.75,208193.4641,1454171.882,761482.504,1226358.283,3277308.205,4306.2573,6927514.338,"[[0,725],[5,211],[10,21],[15,4],[20,4],[55,1],[90,1],[125,1],[190,1],[235,1],[1040,1]]",4402.162636,2,POINT(-76.9949569702148 38.9491920471191)
11001010600,District of Columbia,38.91078949,38.89588928,-76.99313354,-77.00907135,38.90330505,-77.00332642,1037,614,75.3511236,57.22273998,21,728,532,532,34736,14,36549,3.5,9137.25,5704.726544,239568.462,155121.1844,151292.9688,10468441.06,4208.371997,11020128.41,"[[0,456],[5,85],[10,12],[15,4],[20,6],[25,2],[30,7],[35,7],[40,1],[45,2],[50,2],[55,2],[60,1],[65,2],[75,1],[100,2],[110,1],[125,1],[130,1],[135,1],[160,2],[165,1],[185,1],[190,1],[210,1],[235,1],[245,2],[250,1],[255,1],[265,1],[295,1],[360,1],[365,1],[410,1],[425,1],[485,1]]",7002.857756,1,POINT(-77.0033264160156 38.9033050537109)
11001002102,District of Columbia,38.96020126,38.95207977,-77.00901031,-77.01997375,38.95578384,-77.01423645,1037,821,95.52925707,56.50378527,85,2075,730,992,15581,15,19463,3.75,4865.75,22731.61578,677764.6218,211675.9111,277944.1763,4724637.997,4482.127197,5914754.322,"[[0,549],[5,203],[10,32],[15,10],[20,4],[25,3],[30,5],[35,2],[40,5],[45,1],[50,2],[60,1],[70,1],[95,1],[115,1],[145,1]]",3758.593517,1,POINT(-77.0142364501953 38.9557838439941)
11001003200,District of Columbia,38.93740082,38.92723083,-77.01795197,-77.02429962,38.93226624,-77.02117157,1037,779,94.59459459,60.15444015,1103,1923,1373,1312,12310,15,18021,3.75,4505.25,304979.5723,636569.0898,403228.0743,395594.3942,3769949.609,4535.457227,5510320.739,"[[0,545],[5,183],[10,21],[15,4],[20,3],[25,2],[30,3],[35,3],[40,5],[45,1],[50,1],[55,1],[60,1],[65,1],[70,2],[75,1],[85,1],[145,1]]",3501.591897,1,POINT(-77.0211715698242 38.9322662353516)
11001004201,District of Columbia,38.91913986,38.9140892,-77.03649139,-77.04165649,38.91620636,-77.03884888,1037,244,91.92307692,51.0460251,4,138,83,88,8474,15,8787,3.75,2196.75,1110.501135,46349.3493,24791.43597,25357.34589,2566266.092,4539.304639,2663874.724,"[[0,153],[5,52],[10,12],[15,6],[20,4],[25,2],[30,3],[35,1],[40,3],[50,1],[55,1],[70,1],[75,2],[85,1],[165,1],[170,1]]",1692.787515,0,POINT(-77.0388488769531 38.9162063598633)
11001004400,District of Columbia,38.92076874,38.91408157,-77.02188873,-77.03195953,38.91701508,-77.02758789,1037,674,93.11708861,57.2642311,317,1322,770,1044,24122,15,27575,3.75,6893.75,85178.53466,435741.431,221591.4617,301028.9842,7299170.518,4570.787012,8342710.93,"[[0,438],[5,161],[10,14],[15,6],[20,10],[25,7],[30,6],[35,3],[40,2],[45,4],[50,3],[60,1],[70,1],[75,1],[80,2],[90,2],[100,3],[115,1],[125,2],[150,1],[165,1],[175,2],[265,2],[635,1]]",5301.464356,1,POINT(-77.027587890625 38.9170150756836)
11001005600,District of Columbia,38.90454102,38.89300156,-77.05010986,-77.05860138,38.90020752,-77.05386353,1037,86,75.08896797,40.75829384,16,173,117,175,8860,15,9341,3.75,2335.25,4376.498199,53649.30162,33115.40795,48062.07492,2664071.96,4463.931781,2803275.243,"[[0,48],[5,4],[10,2],[15,5],[20,4],[25,2],[30,2],[35,3],[40,3],[45,1],[50,1],[55,1],[75,2],[95,1],[105,1],[115,1],[135,1],[140,1],[205,1],[215,1],[265,1]]",1781.371056,0,POINT(-77.0538635253906 38.9002075195312)
11001007000,District of Columbia,38.88467026,38.87796021,-76.99153137,-77.00205231,38.88132858,-76.99593353,1037,84,18.1626188,48.8372093,21,332,142,342,3350,15,4187,3.75,1046.75,5853.277118,110691.1433,41853.04396,98893.13732,1028638.015,4802.282416,1285928.617,"[[0,56],[5,15],[10,5],[15,3],[45,1],[110,1],[155,1],[165,1],[170,1]]",817.157011,0,POINT(-76.9959335327148 38.8813285827637)
11001007901,District of Columbia,38.90013123,38.8932991,-76.97646332,-76.98365021,38.89651489,-76.98043823,1037,454,92.61880688,49.56331878,122,828,347,304,14438,15,16039,3.75,4009.75,30900.04533,272949.5902,103662.9348,87021.61657,4426544.786,4672.51485,4921078.973,"[[0,294],[5,91],[10,27],[15,5],[20,12],[25,4],[30,11],[45,1],[50,1],[55,1],[60,2],[65,2],[195,1],[295,1],[440,1]]",3127.151952,0,POINT(-76.9804382324219 38.8965148925781)
11001009507,District of Columbia,38.96162033,38.95529175,-76.99163055,-77.00225067,38.95849991,-76.99777222,1037,295,97.43589744,51.75438596,257,511,970,1037,5285,15,8060,3.75,2015,71627.58978,168682.3145,285632.8386,313233.455,1623197.393,4432.971423,2462373.591,"[[0,199],[5,62],[10,13],[15,12],[20,3],[25,1],[30,1],[95,1],[120,1],[145,1],[165,1]]",1564.741477,0,POINT(-76.9977722167969 38.9584999084473)
11001000202,District of Columbia,38.91772842,38.90058136,-77.06273651,-77.07991791,38.90618896,-77.06961823,1037,919,95.00891266,57.47342089,685,4712,1658,2807,20582,16,30444,4,7611,187128.4154,1544269.821,473576.2438,802422.7386,6237997.371,4939.453345,9245394.59,"[[0,560],[5,236],[10,42],[15,17],[20,10],[25,16],[30,4],[35,8],[40,3],[45,3],[50,4],[55,1],[60,3],[65,1],[80,1],[85,1],[90,1],[95,1],[115,1],[120,1],[135,1],[140,1],[150,1],[210,1],[420,1]]",5875.084285,1,POINT(-77.0696182250977 38.9061889648437)
11001001902,District of Columbia,38.96995926,38.95872879,-77.00924683,-77.01989746,38.96396637,-77.01560974,1037,598,99.03498191,72.83800244,1125,5046,1733,2478,16979,16,27361,4,6840.25,293492.5648,1651006.14,491793.9724,696920.3689,5176142.314,4910.854663,8309355.361,"[[0,361],[5,185],[10,19],[15,5],[20,4],[25,1],[30,1],[35,4],[40,1],[65,3],[80,1],[90,1],[100,1],[110,1],[115,1],[135,1],[140,1],[175,1],[250,1],[370,1],[390,1],[430,1],[515,1],[700,1]]",5280.268206,6,POINT(-77.0156097412109 38.9639663696289)
11001002400,District of Columbia,38.94633102,38.93632889,-77.01898956,-77.0266037,38.94178391,-77.02240753,1037,727,96.81697613,66.39269406,809,2349,886,2028,10682,16,16754,4,4188.5,222589.2034,765947.1653,262270.3713,592572.465,3247908.365,4993.541858,5091287.57,"[[0,476],[5,209],[10,20],[15,7],[20,1],[25,2],[30,1],[35,1],[40,2],[45,1],[50,3],[55,1],[60,1],[145,1],[240,1]]",3235.312815,2,POINT(-77.0224075317383 38.9417839050293)
11001002701,District of Columbia,38.93822861,38.93164825,-77.03645325,-77.05016327,38.93445587,-77.04165649,1037,347,93.98826979,54.13416537,187,743,595,867,11110,16,13502,4,3375.5,51111.61832,234765.9342,167417.1153,250681.9735,3344254.874,4679.379077,4048231.515,"[[0,219],[5,93],[10,5],[15,9],[20,5],[25,1],[30,1],[35,2],[40,2],[50,1],[55,1],[65,3],[70,1],[85,1],[100,1],[280,1],[680,1]]",2572.491755,1,POINT(-77.0416564941406 38.934455871582)
11001002801,District of Columbia,38.93743134,38.93186951,-77.0327301,-77.03646088,38.93494797,-77.03452301,1037,242,98.2300885,72.67267267,569,1277,533,331,7826,16,10536,4,2634,154480.8771,416094.8731,162588.9932,95721.93082,2364061.805,5084.357593,3192948.48,"[[0,152],[5,50],[10,8],[15,6],[20,4],[25,9],[30,1],[50,1],[60,2],[70,1],[75,1],[80,2],[85,1],[145,1],[150,1],[195,1],[200,1]]",2028.993057,0,POINT(-77.0345230102539 38.9349479675293)
11001003100,District of Columbia,38.93632889,38.92675018,-77.02295685,-77.02825928,38.93059158,-77.02542114,1037,375,91.76470588,48.07692308,28,354,282,322,11716,16,12702,4,3175.5,7503.551495,117210.0553,83317.87968,93271.05221,3563457.254,4919.27124,3864759.792,"[[0,234],[5,90],[10,14],[15,6],[20,9],[25,6],[30,1],[35,1],[40,2],[50,1],[55,1],[60,1],[65,1],[70,2],[85,2],[95,1],[105,1],[120,1],[200,1]]",2455.902698,0,POINT(-77.0254211425781 38.930591583252)
11001003500,District of Columbia,38.92723083,38.91625977,-77.02188873,-77.0270462,38.92237854,-77.02433777,1037,271,90.58380414,56.34095634,215,741,840,1020,14139,16,16955,4,4238.75,55929.87393,241624.2911,248434.9456,294499.0238,4266493.366,4727.318164,5106981.5,"[[0,168],[5,48],[10,14],[15,10],[20,4],[25,1],[30,1],[35,1],[45,2],[50,2],[55,2],[60,4],[65,1],[70,1],[75,1],[105,1],[120,2],[145,1],[170,1],[175,1],[180,1],[225,1],[245,1],[255,1],[340,1]]",3245.28569,1,POINT(-77.0243377685547 38.9223785400391)
11001003600,District of Columbia,38.92675018,38.9200592,-77.02703094,-77.03237152,38.92367554,-77.02963257,1037,271,95.32908705,60.35634744,83,620,356,432,11005,16,12496,4,3124,22726.5963,198426.4987,100670.524,124372.41,3327239.587,4910.784937,3773435.616,"[[0,165],[5,60],[10,10],[15,4],[20,5],[25,5],[30,4],[40,4],[45,1],[50,1],[55,3],[60,1],[80,1],[90,2],[95,1],[120,1],[130,2],[375,1]]",2397.86978,1,POINT(-77.0296325683594 38.9236755371094)
11001004001,District of Columbia,38.92335129,38.91598892,-77.04267883,-77.05021667,38.92073441,-77.04653931,1037,230,98.64130435,63.36088154,156,584,267,413,7953,16,9373,4,2343.25,42965.34138,186897.3148,79866.68232,119574.1106,2407927.914,4868.301849,2837231.363,"[[0,141],[5,52],[10,6],[15,5],[20,4],[25,5],[30,1],[35,2],[40,2],[45,2],[50,3],[60,2],[65,1],[70,1],[85,1],[130,1],[245,1]]",1802.948834,1,POINT(-77.0465393066406 38.9207344055176)
11001004202,District of Columbia,38.91677856,38.91014099,-77.03928375,-77.0461731,38.91340256,-77.04303741,1037,247,96.2962963,59.375,82,425,254,275,7863,16,8899,4,2224.75,22436.59616,138981.5399,74219.48403,79305.06962,2369053.488,5018.57193,2683996.178,"[[0,149],[5,47],[10,17],[15,8],[20,6],[25,8],[35,4],[40,1],[45,1],[50,1],[55,1],[60,1],[65,1],[85,1],[160,1]]",1705.573906,0,POINT(-77.0430374145508 38.913402557373)
11001004300,District of Columbia,38.9200592,38.9140892,-77.03193665,-77.03650665,38.91680145,-77.03414917,1037,245,95.19450801,58.89423077,78,895,358,450,11226,16,13007,4,3251.75,21854.83995,285995.9381,103941.7975,129927.894,3387292.93,4842.225464,3929013.4,"[[0,147],[5,46],[10,10],[15,3],[20,12],[25,3],[30,4],[35,2],[40,4],[55,1],[60,4],[65,1],[75,1],[85,2],[105,1],[115,1],[195,1],[235,1],[330,1]]",2496.733336,1,POINT(-77.0341491699219 38.9168014526367)
11001005001,District of Columbia,38.9140892,38.90909958,-77.02703094,-77.0319519,38.91191864,-77.02951813,1037,247,95.25,64.82939633,302,406,113,121,7949,16,8891,4,2222.75,80860.34332,130340.5258,32209.71863,34547.74874,2413115.322,4883.978186,2691073.659,"[[0,158],[5,54],[10,12],[15,5],[20,4],[25,5],[30,2],[40,1],[45,1],[70,1],[75,1],[90,1],[110,1],[390,1]]",1710.071367,0,POINT(-77.0295181274414 38.9119186401367)
11001007409,District of Columbia,38.84838104,38.84185028,-76.96662903,-76.98059082,38.84528351,-76.97432709,1037,344,99.4140625,67.58349705,36,1651,1217,1229,11335,16,15468,4,3867,9805.579144,558403.4524,347088.8459,353236.013,3506618.704,4998.775916,4775152.595,"[[0,218],[5,43],[10,6],[15,23],[20,13],[25,5],[30,11],[35,12],[40,4],[45,3],[60,2],[70,1],[80,1],[100,1],[490,1]]",3034.421484,0,POINT(-76.9743270874023 38.8452835083008)
11001007605,District of Columbia,38.8682518,38.86066055,-76.96877289,-76.98435974,38.86604309,-76.97525787,1037,427,99.25512104,80.11257036,194,4378,1858,1426,8886,16,16742,4,4185.5,51052.504,1438766.693,543379.8017,418238.8169,2710649.997,5241.919702,5162087.813,"[[0,261],[5,99],[10,12],[15,9],[20,10],[25,6],[30,6],[35,1],[40,5],[45,9],[50,1],[60,1],[65,1],[70,1],[85,1],[105,1],[110,1],[225,1],[355,1]]",3280.303582,3,POINT(-76.9752578735352 38.8660430908203)
11001008702,District of Columbia,38.92123032,38.90787888,-76.99623871,-77.00533295,38.91487503,-77.00145721,1037,336,95.86614173,68.99383984,153,562,619,752,27090,16,29176,4,7294,41463.57711,186029.0125,183118.4704,219353.572,8301592.642,4847.898322,8931557.274,"[[0,198],[5,70],[10,19],[15,11],[20,1],[25,1],[30,2],[35,2],[45,6],[50,2],[55,1],[60,1],[70,1],[75,1],[80,3],[85,1],[95,1],[110,1],[120,1],[135,1],[155,1],[165,1],[200,1],[230,2],[275,1],[280,2],[350,1],[360,1],[390,1],[1210,1]]",5675.653026,1,POINT(-77.0014572143555 38.9148750305176)
11001008903,District of Columbia,38.90723038,38.90013123,-76.97019958,-76.98343658,38.90410995,-76.97770691,1037,261,92.68680445,44.76843911,32,401,160,118,8136,16,8847,4,2211.75,8887.189008,129120.1906,48414.42669,33108.69708,2502300.548,5019.94353,2721831.051,"[[0,155],[5,69],[10,14],[15,4],[20,3],[25,2],[30,2],[45,2],[50,1],[55,3],[70,2],[75,1],[85,2],[110,1]]",1729.616479,0,POINT(-76.9777069091797 38.904109954834)
11001009505,District of Columbia,38.97024155,38.9548111,-76.99723053,-77.01071167,38.96196365,-77.00520325,1037,934,98.78444084,76.62018048,879,7446,3821,4054,26129,16,42329,4,10582.25,233384.3938,2436659.761,1116263.123,1164557.053,8016079.983,5060.362524,12966944.31,"[[0,574],[5,246],[10,55],[15,15],[20,9],[25,3],[30,4],[35,3],[40,1],[45,1],[50,1],[60,1],[65,2],[70,1],[90,1],[95,1],[120,1],[135,2],[140,1],[185,1],[220,1],[225,1],[235,1],[315,1],[320,1],[330,1],[355,1],[480,1],[505,1],[570,1],[755,1]]",8239.982623,2,POINT(-77.0052032470703 38.9619636535644)
11001009700,District of Columbia,38.83863831,38.82909012,-76.9850235,-76.99488831,38.834095,-76.98975372,1037,523,99.68798752,81.84663537,1062,5306,2411,3831,3772,16,16382,4,4095.5,282319.7622,1753392.196,677335.6471,1201634.212,1166801.954,5116.169922,5081483.771,"[[0,374],[5,90],[10,21],[15,7],[20,6],[25,2],[30,2],[35,4],[40,2],[45,2],[55,1],[65,2],[75,1],[80,1],[85,1],[90,1],[100,2],[120,1],[140,2],[150,1]]",3229.082886,0,POINT(-76.9897537231445 38.8340950012207)
11001009902,District of Columbia,38.88087082,38.86373901,-76.93501282,-76.95300293,38.87178421,-76.94454956,1037,531,95.39473684,52.31527094,826,2504,1817,2238,6534,16,13919,4,3479.75,222661.2294,806875.8707,523198.5057,671583.5079,1991098.405,4807.554761,4215417.519,"[[0,335],[5,142],[10,32],[15,7],[20,3],[25,1],[30,2],[45,1],[50,2],[60,1],[65,1],[95,1],[125,1],[130,1],[140,1]]",2678.731879,2,POINT(-76.9445495605469 38.8717842102051)
11001002501,District of Columbia,38.94826126,38.9418602,-77.0255127,-77.03643799,38.94465256,-77.03173065,1037,571,96.812749,78.32647462,972,3501,1413,1059,17282,17,24227,4.25,6056.75,265894.1459,1154160.773,403772.7612,306280.7624,5246125.818,5274.393604,7376234.261,"[[0,335],[5,189],[10,15],[15,3],[20,1],[25,5],[30,5],[35,2],[45,3],[60,1],[65,1],[70,2],[80,1],[90,1],[130,1],[195,1],[220,1],[285,1],[305,1],[510,1],[805,1]]",4687.306482,2,POINT(-77.0317306518555 38.944652557373)
11001002502,District of Columbia,38.94187164,38.93510818,-77.02429962,-77.03645325,38.93905258,-77.03014374,1037,684,96.51272385,66.796875,1889,2226,753,605,21791,17,27264,4.25,6816,524746.7716,732761.6753,229791.2314,176123.8451,6626315.821,5282.014551,8289739.344,"[[0,390],[5,209],[10,28],[15,10],[20,6],[25,2],[30,3],[35,5],[40,3],[45,1],[50,2],[55,2],[65,2],[80,2],[85,1],[90,3],[95,2],[105,2],[110,1],[120,1],[130,3],[145,1],[150,1],[155,1],[170,1],[235,1],[240,1]]",5267.802999,1,POINT(-77.030143737793 38.9390525817871)
11001002702,District of Columbia,38.93331909,38.92684174,-77.03646088,-77.05104828,38.93018341,-77.04181671,1037,659,98.59719439,66.97154472,713,1544,874,506,12544,17,16181,4.25,4045.25,197916.7421,499195.075,249671.3144,148293.4714,3797622.985,5154.114453,4892699.587,"[[0,403],[5,203],[10,21],[15,9],[20,7],[25,4],[30,2],[35,3],[40,1],[45,1],[50,1],[70,1],[115,1],[120,1],[135,1]]",3109.11797,2,POINT(-77.0418167114258 38.9301834106445)
11001003000,District of Columbia,38.93181992,38.92668152,-77.0270462,-77.03266907,38.92887878,-77.02993774,1037,243,95.34313725,62.46786632,247,247,130,112,9902,17,10638,4.25,2659.5,66875.16497,80002.90645,37618.9025,33065.58894,3014766.581,5233.374359,3232329.144,"[[0,142],[5,61],[10,11],[15,5],[20,6],[25,1],[30,4],[35,3],[45,1],[55,2],[70,1],[85,2],[130,1],[135,1],[145,1],[350,1]]",2054.017919,1,POINT(-77.0299377441406 38.9288787841797)
11001003400,District of Columbia,38.92845154,38.91292953,-77.01213837,-77.02295685,38.92148972,-77.01772308,1037,451,94.88139825,59.34210526,683,2692,2449,2812,37177,17,45813,4.25,11453.25,175402.6028,885426.3917,692960.192,818803.6858,11242623.1,5147.800568,13815215.97,"[[0,255],[5,75],[10,17],[15,15],[20,9],[25,8],[30,6],[35,4],[40,3],[45,4],[50,4],[55,1],[60,1],[65,2],[70,2],[75,6],[80,2],[85,2],[90,1],[105,3],[110,1],[120,4],[130,2],[135,1],[145,1],[165,1],[170,2],[180,1],[190,1],[195,1],[205,2],[225,1],[235,1],[240,1],[250,1],[255,2],[270,1],[300,2],[320,1],[350,1],[355,1],[365,1],[385,1]]",8779.025867,1,POINT(-77.0177230834961 38.9214897155762)
11001004801,District of Columbia,38.91625977,38.90856934,-77.01590729,-77.02191925,38.91173935,-77.01953125,1037,453,95.86410635,69.79969183,58,1056,320,305,13697,17,15436,4.25,3859,15540.46575,338333.2641,93374.08171,84433.81699,4144141.911,5078.685876,4675823.539,"[[0,274],[5,131],[10,16],[15,9],[20,4],[25,2],[30,3],[35,1],[40,3],[50,1],[55,2],[80,1],[105,1],[120,1],[155,1],[190,2],[380,1]]",2971.301779,0,POINT(-77.01953125 38.9117393493652)
11001007601,District of Columbia,38.87694931,38.86663055,-76.97068787,-76.99051666,38.87150955,-76.98000336,1037,804,95.0518755,67.50629723,343,4100,930,1575,18824,17,25772,4.25,6443,91704.37054,1350573.085,265867.5414,454126.6047,5719909.445,5369.403101,7882181.047,"[[0,468],[5,231],[10,44],[15,22],[20,10],[25,3],[30,4],[35,4],[40,1],[45,1],[50,1],[55,2],[60,1],[65,1],[75,3],[80,1],[85,1],[90,1],[135,1],[140,1],[190,1],[220,1],[300,1]]",5008.815746,2,POINT(-76.9800033569336 38.871509552002)
11001009302,District of Columbia,38.92782974,38.92123032,-76.98560333,-76.99623871,38.92511368,-76.99085236,1037,322,98.88888889,72.35955056,214,2063,919,1387,11001,17,15584,4.25,3896,58762.5975,673840.2019,256790.7501,394211.4181,3337121.278,5117.978143,4720726.246,"[[0,186],[5,82],[10,19],[15,7],[25,3],[30,3],[35,2],[40,3],[45,3],[60,1],[70,2],[75,1],[80,1],[90,1],[120,1],[125,1],[150,1],[160,1],[170,1],[185,1],[215,1],[280,1]]",2999.835682,1,POINT(-76.990852355957 38.9251136779785)
11001000100,District of Columbia,38.91902161,38.89175034,-77.05014038,-77.06926727,38.90607834,-77.06078339,1037,1083,95.0377562,61.46424518,752,5154,2191,3252,38440,18,49789,4.5,12447.25,204353.4565,1659411.266,622560.0827,921743.3826,11602971.1,5344.240112,15011039.29,"[[0,610],[5,299],[10,68],[15,26],[20,18],[25,8],[30,6],[35,5],[40,2],[45,8],[50,3],[55,2],[60,2],[70,1],[75,2],[80,1],[85,1],[95,1],[130,1],[135,1],[140,1],[145,2],[155,1],[170,1],[175,1],[190,1],[205,1],[225,1],[240,1],[275,1],[285,1],[290,1],[300,1],[310,2],[380,1],[630,1]]",9538.924505,1,POINT(-77.0607833862305 38.9060783386231)
11001000502,District of Columbia,38.93270874,38.92321014,-77.05268097,-77.06639862,38.92835617,-77.05956268,1037,366,99.14821124,62.88659794,188,3336,1133,1952,10224,18,16833,4.5,4208.25,51195.75266,1055756.987,325325.5105,560022.8697,3106969.405,5507.192334,5099270.525,"[[0,212],[5,114],[10,12],[15,4],[20,4],[25,3],[30,1],[35,1],[40,2],[50,3],[55,1],[65,1],[80,1],[90,1],[150,1],[190,1],[195,1],[345,1],[390,1],[440,1]]",3240.385668,3,POINT(-77.0595626831055 38.9283561706543)
11001001402,District of Columbia,38.96588135,38.95434189,-77.05599976,-77.07331085,38.96060562,-77.06308746,1037,493,98.40909091,56.92840647,522,5692,2462,3086,4961,18,16723,4.5,4180.75,132081.9055,1767915.969,694626.7416,880610.064,1467310.384,5422.218896,4942545.064,"[[0,261],[5,182],[10,29],[15,3],[20,2],[25,1],[35,3],[45,2],[50,1],[65,1],[75,1],[80,1],[85,1],[135,1],[140,2],[170,1],[455,1]]",3140.792808,5,POINT(-77.0630874633789 38.9606056213379)
11001001901,District of Columbia,38.96992874,38.95872879,-77.01988983,-77.0280304,38.96468735,-77.02362823,1037,971,96.71682627,68.67043847,607,4033,1077,1623,21621,18,28961,4.5,7240.25,150903.2406,1322229.322,305729.5907,454756.3872,6575882.017,5331.78728,8809500.558,"[[0,566],[5,339],[10,38],[15,4],[20,3],[25,1],[30,6],[35,2],[40,2],[45,1],[50,1],[55,2],[65,1],[115,1],[140,1],[285,1],[515,1],[805,1]]",5598.090788,3,POINT(-77.0236282348633 38.9646873474121)
11001004802,District of Columbia,38.90856934,38.90293884,-77.01477814,-77.02191925,38.90621567,-77.01889038,1037,238,96.39423077,59.35162095,774,1710,2479,2674,7181,18,14818,4.5,3704.5,201629.2219,566199.884,728333.7492,777287.2929,2174019.512,5590.53197,4447469.66,"[[0,124],[5,46],[10,13],[15,9],[20,11],[25,5],[30,3],[35,5],[40,3],[45,2],[50,1],[55,1],[60,2],[65,1],[85,2],[90,1],[95,1],[105,2],[120,1],[135,3],[140,1],[230,1]]",2826.191879,0,POINT(-77.0188903808594 38.9062156677246)
11001004901,District of Columbia,38.9140892,38.90856934,-77.02191162,-77.02703857,38.91133118,-77.02448273,1037,297,95.11111111,69.39252336,58,136,412,456,14015,18,15077,4.5,3769.25,15703.19592,46552.40644,117050.5438,130847.4052,4244924.841,5374.551349,4555078.392,"[[0,173],[5,78],[10,16],[15,3],[20,3],[25,8],[30,1],[40,3],[55,2],[60,2],[65,2],[85,1],[105,1],[190,1],[210,1],[230,1],[780,1]]",2894.572992,0,POINT(-77.0244827270508 38.9113311767578)
11001007407,District of Columbia,38.8633194,38.85329819,-76.97463989,-76.99436188,38.85746765,-76.98506165,1037,280,94.58128079,48.61111111,273,3589,1001,886,9188,18,14937,4.5,3734.25,74083.0856,1196772.076,301049.1401,260073.6729,2812326.617,5614.603198,4644304.592,"[[0,156],[5,55],[10,13],[15,7],[20,8],[25,14],[30,11],[35,6],[40,2],[45,2],[60,1],[80,1],[90,1],[125,1],[185,1],[740,1]]",2951.272729,0,POINT(-76.9850616455078 38.8574676513672)
11001008904,District of Columbia,38.90459061,38.89783859,-76.9702301,-76.98343658,38.90094376,-76.97485352,1037,212,94.66950959,47.74774775,8,808,1061,1659,20551,18,24087,4.5,6021.75,2177.343481,272906.1429,309618.9891,479688.6594,6315683.969,5426.804767,7380075.104,"[[0,115],[5,45],[10,2],[15,8],[20,4],[25,3],[30,6],[35,3],[40,2],[45,2],[50,2],[55,1],[60,1],[65,2],[85,1],[100,1],[105,1],[110,3],[115,2],[125,2],[160,1],[370,1],[420,1],[430,1],[625,1],[1070,1]]",4689.747186,0,POINT(-76.974853515625 38.9009437561035)
11001009201,District of Columbia,38.934021,38.92557907,-76.99398804,-77.00628662,38.92877579,-76.99893951,1037,223,94.52332657,47.85407725,302,2229,1981,2436,12379,18,19327,4.5,4831.75,78815.57639,722400.2517,588442.0172,683005.4415,3771182.588,5609.237573,5843845.874,"[[0,114],[5,48],[10,15],[15,7],[20,4],[30,2],[35,2],[40,3],[45,4],[55,2],[60,1],[65,2],[75,1],[90,1],[95,2],[110,1],[115,1],[120,1],[130,2],[145,2],[155,2],[185,1],[200,1],[210,1],[245,1],[270,1],[285,1]]",3713.53399,0,POINT(-76.9989395141602 38.9287757873535)
11001009503,District of Columbia,38.95323944,38.93463135,-76.97776794,-76.98953247,38.94344711,-76.98452759,1037,959,98.66666667,76.23211447,722,6639,3747,5394,12978,18,29480,4.5,7370,198287.9938,2124367.535,1063927.324,1576608.645,3897983.562,5494.365552,8861175.06,"[[0,554],[5,344],[10,20],[15,19],[20,4],[25,1],[30,1],[45,1],[50,2],[65,1],[75,1],[80,1],[85,1],[100,1],[125,1],[150,1],[220,1],[230,1],[275,1],[290,1],[320,1],[390,1]]",5630.9279,5,POINT(-76.9845275878906 38.9434471130371)
11001009903,District of Columbia,38.88977051,38.88571167,-76.91339111,-76.93015289,38.88828659,-76.92118835,1037,446,110.0178891,72.5203252,545,2369,2426,2428,3616,18,11384,4.5,2846,145028.7153,779165.3917,703313.3799,728216.8,1099863.159,5374.528729,3455587.446,"[[0,244],[5,148],[10,36],[15,9],[20,2],[25,1],[30,2],[40,1],[45,2],[195,1]]",2195.88978,17,POINT(-76.9211883544922 38.8882865905762)
11001009905,District of Columbia,38.88864899,38.88066864,-76.91857147,-76.92932129,38.88431931,-76.92504883,1037,450,98.77488515,69.76744186,581,3498,2903,2405,7092,18,16479,4.5,4119.75,155251.8138,1157230.299,845648.2026,672667.9144,2167792.034,5826.227155,4998590.263,"[[0,230],[5,118],[10,47],[15,16],[20,6],[25,10],[30,7],[35,4],[40,2],[45,1],[50,5],[55,1],[65,1],[90,1],[350,1]]",3176.407326,4,POINT(-76.925048828125 38.8843193054199)
11001000701,District of Columbia,38.93349075,38.92541885,-77.07241058,-77.08151245,38.92954254,-77.07666779,1037,282,98.67021277,76.01078167,175,2024,718,951,18970,19,22838,4.75,5709.5,46628.48113,632399.5986,203164.8667,269026.9518,5756287.346,5806.414746,6907507.244,"[[0,141],[5,85],[10,16],[15,4],[20,2],[25,1],[30,4],[35,3],[40,2],[45,1],[55,3],[60,1],[70,1],[75,1],[80,2],[85,1],[95,2],[110,1],[120,1],[125,1],[150,1],[170,1],[185,1],[220,1],[260,1],[310,1],[465,1],[480,1],[505,1]]",4389.448916,1,POINT(-77.0766677856445 38.9295425415039)
11001001100,District of Columbia,38.96730042,38.94649887,-77.06941986,-77.08573151,38.95724487,-77.07766724,1037,1043,98.11932555,68.93588896,964,13316,3672,5649,23711,19,47312,4.75,11828,252322.4961,4237666.871,1050432.935,1583909.963,7109712.192,5932.170337,14234044.46,"[[0,510],[5,367],[10,83],[15,21],[20,13],[25,6],[30,5],[35,2],[40,1],[45,4],[50,2],[55,1],[60,3],[65,2],[70,2],[75,2],[80,1],[90,1],[95,1],[110,1],[130,1],[145,1],[150,2],[155,1],[160,1],[185,1],[215,1],[230,1],[245,1],[385,1],[420,1],[500,1],[520,1],[600,1]]",9045.17488,17,POINT(-77.0776672363281 38.9572448730469)
11001002002,District of Columbia,38.9614296,38.94612122,-77.0266037,-77.03642273,38.95249939,-77.03108215,1037,805,98.7144169,74.88372093,1121,6921,3463,3485,8937,19,23927,4.75,5981.75,302472.792,2250421.952,995699.2975,982458.1785,2712152.505,5658.845325,7243204.725,"[[0,422],[5,289],[10,52],[15,14],[20,5],[25,1],[30,5],[35,1],[40,1],[45,2],[50,1],[55,1],[60,1],[70,3],[75,1],[80,2],[90,1],[160,1],[205,1],[305,1]]",4602.771449,9,POINT(-77.0310821533203 38.9524993896484)
11001004002,District of Columbia,38.92266083,38.91437912,-77.04164886,-77.04634857,38.91809845,-77.04373932,1037,167,93.61702128,63.25757576,12,233,379,311,10663,19,11598,4.75,2899.5,3213.156573,73773.2441,104521.11,88942.35997,3213790.914,5865.862036,3484240.784,"[[0,84],[5,32],[10,12],[15,16],[20,7],[30,1],[35,3],[40,2],[45,1],[50,1],[55,2],[80,1],[105,1],[165,1],[245,1],[380,1],[410,1]]",2214.097849,0,POINT(-77.0437393188477 38.918098449707)
11001007808,District of Columbia,38.89661026,38.88975143,-76.90939331,-76.92797089,38.89276886,-76.91943359,1037,667,98.61386139,66.96787149,353,4771,3470,4176,10280,19,23050,4.75,5762.5,91643.86863,1547350.732,1005129.95,1196807.923,3103658.612,5562.361816,6944591.085,"[[0,348],[5,193],[10,53],[15,28],[20,16],[25,11],[30,3],[35,5],[40,2],[50,1],[60,1],[70,2],[85,1],[245,1],[275,1],[335,1]]",4413.014237,10,POINT(-76.91943359375 38.8927688598633)
11001009000,District of Columbia,38.9307518,38.91687012,-76.94191742,-76.96515656,38.92290115,-76.95401764,1037,602,119.0556492,85.26912181,849,5877,2969,4773,27706,19,42174,4.75,10543.5,227507.9173,1940506.279,887223.3264,1412442.332,8542745.189,5811.447925,13010425.04,"[[0,313],[5,211],[10,44],[15,9],[20,4],[30,1],[35,1],[40,1],[50,3],[55,1],[60,1],[75,2],[125,1],[130,1],[135,1],[140,1],[160,1],[320,1],[380,1],[550,1],[1455,1],[1560,1],[1845,1]]",8267.612915,0,POINT(-76.9540176391602 38.9229011535645)
11001009204,District of Columbia,38.92559052,38.91975021,-76.99465179,-77.00356293,38.92341232,-76.99877167,1037,158,97.64150943,76.32850242,7,861,325,545,18293,19,20031,4.75,5007.75,1965.596155,282962.5601,89810.22979,163249.973,5600400.632,5782.935156,6138388.992,"[[0,82],[5,39],[10,8],[15,5],[20,1],[25,2],[30,2],[35,1],[40,1],[50,2],[60,1],[65,1],[70,1],[80,1],[125,1],[135,1],[150,1],[175,2],[195,1],[215,1],[250,1],[350,1],[495,1],[1405,1]]",3900.704545,2,POINT(-76.9987716674805 38.923412322998)
11001009400,District of Columbia,38.94636154,38.92765045,-76.96344757,-76.98040009,38.93677521,-76.97424316,1037,1280,98.62686567,77.48184019,746,12355,4975,8218,10713,19,37007,4.75,9251.75,197961.8417,3978301.88,1402169.957,2338170.354,3237604.531,5739.573535,11154208.56,"[[0,668],[5,485],[10,84],[15,14],[20,8],[25,2],[30,2],[35,2],[40,2],[45,1],[50,2],[60,1],[65,1],[85,1],[95,1],[185,1],[195,1],[200,1],[235,1],[295,1],[530,1]]",7088.060418,7,POINT(-76.9742431640625 38.9367752075195)
11001009802,District of Columbia,38.83271027,38.82920074,-76.99091339,-77.0005722,38.83073044,-76.99655914,1037,198,99.18367347,81.48148148,5,1891,164,726,3295,19,6081,4.75,1520.25,1374.540063,641496.3212,47684.48265,207750.98,1015851.103,5823.889136,1914157.427,"[[0,100],[5,42],[10,32],[15,10],[20,9],[25,1],[30,3],[45,1]]",1216.371687,3,POINT(-76.9965591430664 38.8307304382324)
11001009807,District of Columbia,38.83958817,38.8218689,-77.0059967,-77.01737213,38.82921219,-77.01174927,1037,491,96.81697613,67.26027397,259,3512,2462,2086,13921,19,22240,4.75,5560,66433.27786,1148700.676,729772.4805,591909.3488,4262711.231,5787.934717,6799527.014,"[[0,250],[5,118],[10,42],[15,24],[20,13],[25,9],[30,18],[35,2],[40,1],[45,2],[55,1],[65,1],[70,2],[75,1],[80,1],[85,2],[105,1],[175,1],[380,1],[420,1]]",4320.83173,1,POINT(-77.0117492675781 38.8292121887207)
11001001001,District of Columbia,38.9607811,38.93817139,-77.07849884,-77.10063171,38.94895554,-77.08847046,1037,1933,99.19257166,78.67317867,716,23792,5612,9738,28545,20,68403,5,17100.75,192973.0649,7618783.124,1568029.532,2791109.436,8704853.949,6176.658746,20875749.11,"[[0,929],[5,828],[10,97],[15,29],[20,7],[25,3],[30,2],[35,2],[40,3],[45,1],[50,1],[55,3],[60,3],[65,2],[70,2],[75,2],[80,1],[100,1],[105,1],[135,1],[165,2],[190,1],[230,1],[245,1],[260,1],[265,1],[270,1],[280,1],[305,1],[330,1],[375,1],[385,1],[660,1],[935,1]]",13265.71671,24,POINT(-77.0884704589844 38.9489555358887)
11001001200,District of Columbia,38.95434189,38.94047165,-77.06165314,-77.07888794,38.94622421,-77.07051849,1037,731,99.15174364,69.48669202,713,7432,2399,2741,29149,20,42434,5,10608.5,193658.8086,2308004.358,678254.8503,770847.4205,8772380.08,5772.47171,12723145.52,"[[0,361],[5,266],[10,44],[15,4],[25,2],[30,2],[35,1],[40,1],[45,4],[50,2],[55,3],[60,2],[65,2],[70,2],[75,2],[80,5],[85,2],[90,1],[95,2],[105,1],[110,2],[115,1],[125,1],[130,1],[135,1],[140,2],[145,2],[150,1],[195,1],[210,1],[220,1],[230,2],[240,1],[295,1],[345,1],[375,1],[450,1],[535,1]]",8085.058085,18,POINT(-77.0705184936523 38.9462242126465)
11001001401,District of Columbia,38.97179031,38.96100998,-77.06204987,-77.0774231,38.96530533,-77.07061005,1037,548,99.04988124,65.70743405,154,6949,1636,2434,6168,20,17341,5,4335.25,40971.21855,2163737.196,451184.959,680927.2173,1857605.463,5797.743335,5194426.054,"[[0,266],[5,238],[10,24],[15,5],[20,2],[25,1],[35,2],[45,1],[70,1],[85,1],[115,1],[125,1],[145,1],[150,2],[175,1],[270,1]]",3300.853261,10,POINT(-77.0706100463867 38.9653053283691)
11001001702,District of Columbia,38.97853088,38.96390152,-77.00805664,-77.02541351,38.9717865,-77.0160675,1037,574,96.71945701,67.13450292,462,5720,2233,2515,25956,20,36886,5,9221.5,124239.0257,1831579.971,639615.1597,708419.2344,7953100.459,5938.888989,11256953.85,"[[0,279],[5,175],[10,47],[15,16],[20,5],[25,4],[30,4],[35,2],[40,6],[50,5],[55,1],[60,2],[70,4],[75,1],[80,3],[90,1],[95,2],[100,1],[115,2],[120,1],[125,1],[130,1],[150,1],[170,1],[195,1],[225,1],[255,1],[295,1],[300,1],[330,1],[400,1],[530,1],[700,1]]",7153.351003,11,POINT(-77.0160675048828 38.9717864990234)
11001002802,District of Columbia,38.93328857,38.92626953,-77.03237152,-77.03671265,38.9294281,-77.03462982,1037,153,96.01449275,57.73584906,117,530,170,48,20508,20,21373,5,5343.25,32361.6608,169330.0085,50436.42219,13190.65465,6229683.741,5879.141626,6495002.487,"[[0,76],[5,23],[10,13],[15,4],[20,11],[25,3],[30,3],[35,4],[40,3],[45,2],[55,2],[65,1],[85,1],[105,1],[150,1],[175,2],[210,1],[1005,1],[1835,1]]",4127.318382,2,POINT(-77.0346298217773 38.9294281005859)
11001003900,District of Columbia,38.92818832,38.92266083,-77.03649139,-77.04995728,38.92547226,-77.04396057,1037,224,95.55555556,74.41860465,258,700,311,735,13830,20,15834,5,3958.5,70019.34091,211219.6943,85154.79307,220618.6851,4184850.905,5992.435254,4771863.418,"[[0,110],[5,62],[10,5],[15,6],[20,7],[25,6],[30,2],[40,2],[45,3],[50,3],[55,1],[60,2],[65,2],[75,1],[85,2],[90,2],[95,1],[120,1],[125,1],[135,1],[230,1],[245,1],[255,1],[295,1]]",3032.331341,0,POINT(-77.0439605712891 38.9254722595215)
11001004902,District of Columbia,38.90858078,38.90293121,-77.02191162,-77.0270462,38.9058876,-77.02439117,1037,178,95.07575758,70.91633466,59,327,569,748,11019,20,12722,5,3180.5,15865.72169,103233.5764,167747.7589,218316.8516,3341273.564,6244.806708,3846437.473,"[[0,79],[5,51],[10,17],[15,8],[20,3],[25,1],[30,2],[35,2],[40,1],[45,2],[55,1],[60,1],[65,1],[80,1],[85,2],[105,2],[135,1],[160,1],[445,1],[475,1]]",2444.259586,0,POINT(-77.0243911743164 38.9058876037598)
11001005201,District of Columbia,38.9140892,38.9052887,-77.03148651,-77.03652954,38.91020203,-77.03411865,1037,286,94.0552017,64.55981941,56,959,177,325,13419,20,14936,5,3734,15131.69689,308323.1906,50462.07078,92649.06232,4022437.429,6035.018365,4489003.45,"[[0,135],[5,77],[10,16],[15,14],[20,6],[25,6],[30,5],[35,5],[40,2],[45,1],[50,1],[55,4],[65,2],[70,2],[75,1],[80,2],[90,1],[95,1],[100,1],[110,2],[120,1],[140,1]]",2852.584967,5,POINT(-77.0341186523438 38.9102020263672)
11001005301,District of Columbia,38.9140892,38.90702057,-77.03614044,-77.04297638,38.91077805,-77.03894806,1037,243,95.36585366,62.1483376,100,674,260,388,15833,20,17255,5,4313.75,26939.75899,221042.2814,74317.00338,111355.9179,4755222.606,5947.060486,5188877.568,"[[0,118],[5,48],[10,19],[15,10],[20,6],[25,2],[30,6],[35,5],[40,6],[45,1],[50,1],[55,1],[65,1],[70,2],[75,2],[80,1],[85,2],[90,1],[105,2],[110,2],[115,1],[120,1],[125,1],[145,1],[155,1],[195,1],[225,1]]",3297.327416,0,POINT(-77.038948059082 38.9107780456543)
11001005500,District of Columbia,38.91437912,38.90198898,-77.04264832,-77.05599976,38.90762329,-77.04924774,1037,314,95.63492063,65.14522822,218,771,339,471,31145,20,32944,5,8236,58935.72285,242810.8415,95505.50185,129968.9445,9338272.128,6033.883337,9865493.138,"[[0,150],[5,61],[10,15],[15,16],[20,11],[25,4],[30,8],[35,3],[40,1],[45,1],[50,2],[55,2],[60,2],[65,3],[70,2],[75,1],[80,3],[85,1],[90,2],[95,3],[100,2],[110,2],[115,1],[120,1],[130,1],[140,1],[145,1],[165,1],[190,2],[195,1],[200,1],[205,1],[225,1],[230,1],[235,1],[275,1],[280,1],[310,1],[325,1],[380,1]]",6269.1325,3,POINT(-77.0492477416992 38.9076232910156)
11001007503,District of Columbia,38.86795044,38.86019897,-76.9821701,-76.99240112,38.86398697,-76.98697662,1037,424,97.56097561,70.66666667,931,1682,1667,1187,16211,20,21678,5,5419.5,251890.8051,537010.369,500095.0679,343289.0271,4926735.021,6074.772778,6559020.29,"[[0,209],[5,125],[10,33],[15,8],[20,9],[25,3],[30,5],[40,3],[45,2],[50,2],[55,2],[60,3],[65,1],[75,2],[85,1],[90,2],[95,2],[100,3],[105,1],[110,2],[115,1],[120,2],[185,1],[210,2]]",4167.999176,1,POINT(-76.9869766235352 38.8639869689941)
11001007707,District of Columbia,38.88162994,38.87289047,-76.92434692,-76.94486237,38.87794113,-76.93536377,1037,740,98.27411168,76.44628099,737,5565,3188,5043,9402,20,23935,5,5983.75,194442.4963,1812709.193,900078.3553,1484333.066,2875074.65,6376.261719,7266637.76,"[[0,345],[5,241],[10,100],[15,31],[20,5],[25,4],[30,1],[35,1],[40,1],[45,1],[50,1],[55,1],[60,2],[70,1],[125,1],[135,2],[150,1],[260,1]]",4617.66222,7,POINT(-76.9353637695312 38.8779411315918)
11001007803,District of Columbia,38.90217972,38.88975906,-76.93486786,-76.95136261,38.89598465,-76.94138336,1037,695,96.7711301,68.20412169,429,3977,2908,3086,19420,20,29820,5,7455,114003.3908,1284078.117,839291.8694,874162.9899,5880417.271,5998.651398,8991953.638,"[[0,340],[5,232],[10,65],[15,19],[20,10],[25,4],[30,3],[35,1],[40,4],[45,1],[50,2],[55,1],[60,1],[65,2],[75,1],[80,1],[85,2],[120,1],[125,1],[340,1],[420,1],[615,1],[645,1]]",5714.032537,1,POINT(-76.9413833618164 38.8959846496582)
11001007804,District of Columbia,38.90055847,38.88975906,-76.92514038,-76.93919373,38.89542007,-76.93134308,1037,538,96.90860215,74.6185853,253,2973,1352,2067,16387,20,23032,5,5758,66794.62685,961407.3484,389846.3942,585858.4362,4994404.537,6133.678442,6998311.343,"[[0,254],[5,155],[10,56],[15,21],[20,15],[25,8],[30,10],[35,6],[40,1],[45,3],[50,1],[55,1],[95,1],[105,1],[110,1],[175,1],[240,1],[245,1],[435,1]]",4447.151346,2,POINT(-76.9313430786133 38.8954200744629)
11001007809,District of Columbia,38.90399933,38.89897919,-76.92359924,-76.94261169,38.90153885,-76.93219757,1037,565,98.6784141,84.07738095,496,4878,1889,2233,11768,20,21264,5,5316,130403.0779,1598019.838,558181.6512,634699.5785,3588571.458,6240.342755,6509875.604,"[[0,270],[5,213],[10,39],[15,12],[20,14],[25,5],[30,2],[35,4],[40,3],[70,1],[305,1],[1140,1]]",4136.769662,5,POINT(-76.9321975708008 38.901538848877)
11001009301,District of Columbia,38.93508148,38.92456818,-76.97910309,-76.99443817,38.93073273,-76.98638916,1037,974,98.54740061,75.56245151,1230,8733,3918,5547,9872,20,29300,5,7325,332090.6176,2808558.222,1104010.831,1565784.178,2993539.335,5927.52605,8803983.184,"[[0,472],[5,379],[10,67],[15,20],[20,12],[25,2],[30,5],[35,2],[40,2],[45,2],[50,1],[60,1],[65,2],[70,1],[110,1],[115,1],[130,1],[140,1],[170,1],[295,1]]",5594.584714,9,POINT(-76.9863891601562 38.9307327270508)
11001009504,District of Columbia,38.94628143,38.93389893,-76.98829651,-77.00007629,38.94093323,-76.99308777,1037,702,97.99554566,79.77272727,207,3435,3042,3652,26705,20,37041,5,9260.25,55718.53407,1112061.524,876798.067,1076080.805,8090839.606,6195.608185,11211498.54,"[[0,321],[5,270],[10,63],[15,10],[20,4],[25,3],[30,1],[35,2],[40,4],[60,1],[65,1],[70,1],[75,2],[80,1],[90,1],[100,1],[115,1],[125,1],[135,1],[140,1],[165,2],[200,1],[275,1],[280,2],[300,1],[370,1],[380,1],[470,1],[485,1],[490,1]]",7124.46594,2,POINT(-76.9930877685547 38.9409332275391)
11001009907,District of Columbia,38.8865509,38.87908936,-76.9330368,-76.94577026,38.88277054,-76.93881226,1037,282,99.68944099,87.85046729,103,2731,1164,1304,7413,20,12715,5,3178.75,27194.80724,897186.0793,324904.5746,377442.6814,2235820.598,6493.032129,3862548.74,"[[0,133],[5,78],[10,15],[15,15],[20,10],[25,6],[30,6],[35,6],[45,2],[55,2],[60,2],[70,1],[75,3],[80,1],[95,1],[185,1]]",2454.497662,0,POINT(-76.9388122558594 38.8827705383301)
11001000501,District of Columbia,38.93397903,38.91775894,-77.04457855,-77.05908203,38.92658615,-77.05171967,1037,202,98.98648649,68.94197952,143,1354,751,1147,20203,21,23598,5.25,5899.5,38919.58262,428051.7826,215260.9142,336596.7755,6040424.628,6114.52854,7059253.683,"[[0,89],[5,61],[10,11],[15,1],[20,3],[25,3],[30,1],[35,3],[40,2],[50,5],[55,1],[60,1],[70,2],[75,3],[85,1],[95,2],[100,2],[125,1],[150,1],[155,1],[160,2],[210,1],[215,1],[280,1],[315,1],[470,1],[1180,1]]",4485.877804,2,POINT(-77.0517196655273 38.926586151123)
11001000600,District of Columbia,38.94221878,38.93013,-77.05677032,-77.07650757,38.93629456,-77.0664978,1037,668,98.66539561,64.5410628,713,7418,2047,2687,14879,21,27744,5.25,6936,194835.3957,2322342.264,578536.0839,749001.8952,4452240.99,6308.325842,8296956.628,"[[0,306],[5,248],[10,51],[15,12],[20,12],[25,5],[30,2],[35,6],[45,1],[50,3],[55,5],[60,3],[65,3],[70,1],[75,1],[85,1],[100,1],[125,1],[170,1],[185,1],[190,1],[250,1],[280,1],[305,1]]",5272.389299,5,POINT(-77.0664978027344 38.9362945556641)
11001001803,District of Columbia,38.97325134,38.96133041,-77.0333786,-77.04763031,38.96707153,-77.03972626,1037,211,98.3713355,69.86754967,59,1584,560,460,10628,21,13291,5.25,3322.75,15888.48441,504680.1758,156676.2062,125515.0707,3223005.91,6765.799536,4025765.847,"[[0,89],[5,74],[10,12],[15,3],[20,5],[25,6],[30,3],[35,4],[40,1],[45,1],[50,1],[55,1],[60,2],[75,1],[95,1],[125,1],[145,1],[165,1],[175,1],[185,1],[205,1],[305,1]]",2558.215708,1,POINT(-77.0397262573242 38.9670715332031)
11001001804,District of Columbia,38.97235107,38.96126175,-77.02702332,-77.03341675,38.96709442,-77.03043365,1037,548,98.46582985,77.6203966,127,6047,1304,1358,13329,21,22165,5.25,5541.25,33681.92693,1987375.789,373831.9582,372349.0026,4052595.905,6571.916113,6819834.582,"[[0,238],[5,219],[10,29],[15,9],[20,4],[25,9],[30,9],[35,4],[40,4],[45,3],[50,1],[55,2],[60,2],[65,2],[70,3],[75,4],[90,1],[100,1],[115,1],[120,1],[170,2]]",4333.73639,1,POINT(-77.0304336547852 38.9670944213867)
11001002001,District of Columbia,38.96310043,38.95252991,-77.02851105,-77.04348755,38.95933914,-77.03592682,1037,352,99.77628635,78.92376682,364,3595,1379,1508,5604,21,12450,5.25,3112.5,96988.84803,1147966.274,394539.0738,417587.3897,1687269.853,6171.412134,3744351.438,"[[0,157],[5,130],[10,37],[15,10],[20,4],[25,3],[30,3],[35,1],[40,1],[45,2],[50,1],[65,1],[240,1],[295,1]]",2379.38793,7,POINT(-77.0359268188477 38.9593391418457)
11001007304,District of Columbia,38.84661865,38.83390045,-76.97296906,-76.99423218,38.84087753,-76.98516846,1037,369,99.38900204,75.6147541,1435,4286,1782,2150,16818,21,26471,5.25,6617.75,388779.137,1424450.635,508393.5143,629993.5086,5166655.484,6472.431665,8118272.278,"[[0,167],[5,102],[10,19],[15,17],[20,13],[25,7],[30,6],[35,2],[40,2],[45,2],[50,4],[55,5],[60,3],[65,3],[70,2],[75,1],[80,2],[85,2],[90,1],[100,2],[105,1],[115,1],[165,1],[245,1],[335,1],[595,1],[630,1]]",5158.842429,5,POINT(-76.9851684570312 38.840877532959)
11001007703,District of Columbia,38.88978958,38.88087082,-76.93823242,-76.95749664,38.88619614,-76.94754028,1037,648,99.72489684,89.37931034,771,6092,4152,4165,17067,21,32247,5.25,8061.75,203445.4966,2009877.829,1186716.08,1246966.738,5192010.825,6502.058398,9839016.969,"[[0,301],[5,144],[10,88],[15,37],[20,25],[25,18],[30,7],[40,2],[50,1],[55,3],[60,3],[65,5],[70,2],[75,3],[80,1],[90,1],[95,2],[100,1],[145,1],[255,1],[405,1],[650,1]]",6252.307937,2,POINT(-76.9475402832031 38.8861961364746)
11001007806,District of Columbia,38.91033936,38.90193176,-76.92359924,-76.94322968,38.90560532,-76.93269348,1037,520,97.92284866,78.78787879,780,4465,2409,3319,14086,21,25059,5.25,6264.75,209311.5866,1452197.766,699616.7947,957659.8051,4302452.34,6363.802869,7621238.292,"[[0,235],[5,179],[10,59],[15,10],[20,9],[25,2],[30,4],[35,2],[40,3],[45,3],[50,1],[55,1],[65,1],[75,2],[80,1],[85,1],[95,1],[135,1],[210,1],[370,1],[405,1],[410,1],[520,1]]",4842.996898,3,POINT(-76.9326934814453 38.9056053161621)
11001008804,District of Columbia,38.91722107,38.9039917,-76.97506714,-76.98883057,38.91023254,-76.98123169,1037,401,92.39598278,62.26708075,17,534,698,380,24758,21,26387,5.25,6596.75,4727.38291,172030.1489,215796.4305,101906.4499,7611314.519,6357.130389,8105774.932,"[[0,180],[5,147],[10,30],[15,13],[20,6],[30,3],[35,3],[40,2],[45,1],[65,1],[80,1],[105,1],[115,1],[120,1],[125,2],[130,1],[140,1],[155,1],[295,1],[310,1],[380,1],[480,1],[665,1],[670,1]]",5150.900857,0,POINT(-76.9812316894531 38.9102325439453)
11001009508,District of Columbia,38.95727158,38.94696045,-76.98574829,-77.00904846,38.95386124,-76.99846649,1037,611,97.18151071,70.88167053,406,3130,2831,3877,16772,21,27016,5.25,6754,108424.136,1033536.254,807664.943,1176818.817,5118108.742,6437.613208,8244552.892,"[[0,268],[5,263],[10,30],[15,11],[20,6],[25,2],[30,5],[35,3],[40,3],[50,1],[60,1],[70,1],[80,1],[85,2],[95,1],[100,2],[105,2],[120,1],[140,1],[190,1],[215,1],[225,1],[230,1],[240,1],[315,1],[375,1]]",5239.088788,0,POINT(-76.9984664916992 38.9538612365723)
11001010400,District of Columbia,38.86069107,38.83568954,-76.98504639,-77.00923157,38.84902573,-76.99951172,1037,778,97.93510324,78.1124498,1380,9480,7154,6363,29565,21,53942,5.25,13485.5,370438.2089,3131791.426,2122309.169,1855328.282,9050456.671,6374.267352,16530323.76,"[[0,351],[5,248],[10,55],[15,29],[20,15],[25,6],[30,4],[35,6],[40,4],[45,1],[50,4],[55,3],[60,7],[65,1],[70,1],[75,2],[80,4],[85,5],[90,3],[95,3],[100,1],[110,2],[115,1],[125,2],[130,2],[140,1],[150,1],[165,1],[185,1],[190,3],[195,1],[200,1],[205,1],[215,1],[270,1],[290,1],[295,1],[355,1],[375,1],[405,1],[980,1]]",10504.36997,5,POINT(-76.99951171875 38.8490257263184)
11001000802,District of Columbia,38.91931915,38.90227127,-77.07801056,-77.1008606,38.91077042,-77.08759308,1037,567,96.4208243,63.77952756,741,6920,2081,3072,9482,22,22296,5.5,5574,199481.07,2198535.377,594716.2039,902213.2084,2861386.452,6529.150592,6756332.311,"[[0,249],[5,208],[10,61],[15,18],[20,5],[25,6],[30,2],[35,2],[40,2],[45,1],[55,1],[60,1],[65,2],[70,2],[85,2],[95,1],[145,1],[155,1],[315,1],[445,1]]",4293.383197,7,POINT(-77.0875930786133 38.9107704162598)
11001000902,District of Columbia,38.9405899,38.91651917,-77.09324646,-77.11975861,38.92799759,-77.10751343,1037,662,98.86749717,75.83046964,635,7465,2922,5001,4953,22,20976,5.5,5244,169886.1815,2353825.974,837289.7382,1503067.941,1483779.225,6553.07666,6347849.06,"[[0,289],[5,266],[10,73],[15,20],[20,7],[25,2],[50,1],[60,2],[185,1],[610,1]]",4033.808172,19,POINT(-77.1075134277344 38.9279975891113)
11001002600,District of Columbia,38.96075058,38.9331398,-77.03639984,-77.05220795,38.94527435,-77.04252625,1037,589,99.25558313,73.625,813,6865,3920,2130,4187,22,17915,5.5,4478.75,218941.2191,2117543.902,1132087.507,587570.085,1244963.329,6606.946552,5301106.041,"[[0,242],[5,242],[10,67],[15,20],[20,11],[25,3],[50,1],[105,1],[175,1],[210,1]]",3368.644193,5,POINT(-77.0425262451172 38.9452743530274)
11001007504,District of Columbia,38.86642075,38.8563118,-76.97281647,-76.98802948,38.86100388,-76.97940826,1037,258,99.46524064,69.35483871,386,1071,1387,1218,8675,22,12737,5.5,3184.25,105146.0436,337283.0151,399733.7715,359210.5178,2621861.041,6781.669385,3823234.389,"[[0,108],[5,73],[10,29],[15,12],[20,5],[25,5],[30,3],[35,5],[45,3],[50,2],[55,4],[60,1],[65,4],[80,1],[95,1],[115,1],[130,1]]",2429.514939,2,POINT(-76.9794082641602 38.8610038757324)
11001007604,District of Columbia,38.87382889,38.85890961,-76.95131683,-76.97142029,38.86608887,-76.96379852,1037,610,98.15880322,71.5123095,168,3928,2465,3562,15934,22,26057,5.5,6514.25,45193.17021,1239574.689,688882.3081,998412.5214,4808072.14,6608.357788,7780134.828,"[[0,250],[5,225],[10,51],[15,27],[20,14],[25,7],[30,7],[35,3],[40,9],[45,2],[50,2],[55,1],[65,1],[70,1],[75,1],[80,3],[90,2],[95,1],[210,1],[270,1],[380,1]]",4943.969392,3,POINT(-76.9637985229492 38.8660888671875)
11001007708,District of Columbia,38.88980103,38.88063049,-76.95308685,-76.97145081,38.88553619,-76.96160126,1037,310,98.25,78.88040712,131,926,844,1232,9517,22,12650,5.5,3162.5,33903.2932,303194.5469,240934.8316,347521.1314,2872205.167,6808.776831,3797758.97,"[[0,129],[5,102],[10,18],[15,11],[20,12],[25,10],[30,15],[35,7],[40,2],[50,2],[60,1],[90,1]]",2413.326314,0,POINT(-76.9616012573242 38.8855361938476)
11001007807,District of Columbia,38.90399933,38.89558029,-76.91287231,-76.92627716,38.89857483,-76.92105103,1037,383,98.98167006,78.80658436,474,2455,1054,1809,12706,22,18498,5.5,4624.5,127403.6417,783819.8868,304961.4393,541155.6366,3872676.165,6599.754858,5630016.769,"[[0,158],[5,134],[10,38],[15,15],[20,10],[25,9],[30,4],[35,5],[40,1],[45,2],[50,1],[55,1],[65,1],[75,1],[160,1],[490,1],[660,1]]",3577.654012,2,POINT(-76.9210510253906 38.8985748291016)
11001009603,District of Columbia,38.89553833,38.88975906,-76.93753815,-76.95675659,38.89183044,-76.94789886,1037,432,95.951417,60.75949367,68,1065,780,480,26221,22,28614,5.5,7153.5,18293.73206,349599.6993,235277.4763,136938.7741,8022454.341,6691.917914,8762564.023,"[[0,189],[5,118],[10,45],[15,10],[20,2],[25,13],[30,7],[35,8],[40,12],[45,6],[50,2],[60,2],[70,1],[80,1],[90,1],[95,1],[100,1],[105,2],[115,1],[130,1],[135,1],[140,1],[145,1],[190,1],[205,1],[225,1],[235,1],[365,1],[535,1]]",5568.264468,0,POINT(-76.9478988647461 38.8918304443359)
11001009801,District of Columbia,38.83758163,38.83095932,-76.98947906,-77.00395203,38.8338356,-76.99638367,1037,147,97.85407725,64.47368421,112,898,313,698,7135,22,9156,5.5,2289,28079.53273,295172.3871,90834.54329,210516.4654,2192218.467,6738.309009,2816821.396,"[[0,65],[5,41],[10,13],[15,10],[20,2],[25,3],[35,2],[40,1],[45,2],[55,1],[65,2],[110,1],[160,2],[215,1],[285,1]]",1789.979103,0,POINT(-76.9963836669922 38.8338356018066)
11001000801,District of Columbia,38.93766022,38.91120911,-77.0791626,-77.10462189,38.92442322,-77.09087372,1037,926,98.28080229,67.49271137,872,14284,3950,6305,14282,23,39693,5.75,9923.25,234412.2124,4524559.995,1133746.009,1816215.379,4315117.536,6843.904285,12024051.13,"[[0,380],[5,349],[10,120],[15,28],[20,10],[25,6],[30,3],[35,2],[40,2],[45,1],[50,1],[55,3],[65,2],[70,3],[75,1],[80,1],[90,1],[95,1],[100,1],[125,1],[130,1],[145,1],[160,1],[195,1],[205,1],[285,1],[295,1],[300,1],[305,1],[455,1]]",7640.811126,9,POINT(-77.0908737182617 38.9244232177734)
11001001500,District of Columbia,38.98723984,38.96036911,-77.03955078,-77.07164764,38.9734993,-77.05407715,1037,1385,98.91304348,66.17295748,806,21525,4842,6273,10150,23,43596,5.75,10899,215917.0414,6582154.748,1362610.052,1777107.877,3026518.256,6797.420844,12964307.97,"[[0,519],[5,668],[10,145],[15,36],[20,10],[25,2],[30,1],[245,1],[400,1],[605,1],[720,1]]",8238.307333,15,POINT(-77.0540771484375 38.9734992980957)
11001005002,District of Columbia,38.91019058,38.90394974,-77.02703857,-77.0319519,38.90727615,-77.02931976,1037,165,93.2,70.81545064,22,399,110,205,9605,23,10341,5.75,2585.25,5942.634509,126699.3313,31107.49213,58606.34951,2898212.437,7407.146948,3120568.244,"[[0,65],[5,50],[10,16],[15,5],[20,6],[25,3],[30,1],[40,5],[45,1],[50,2],[60,2],[70,1],[80,1],[85,1],[90,1],[95,2],[100,1],[170,1],[210,1]]",1982.998267,0,POINT(-77.0293197631836 38.9072761535645)
11001009804,District of Columbia,38.84368896,38.83403015,-76.99350739,-77.00421143,38.83966064,-76.99784088,1037,358,98.66071429,80.99547511,1782,4911,2775,3240,11227,23,23935,5.75,5983.75,492412.2922,1651243.57,809845.5216,952288.2628,3465228.36,7251.298535,7371018.007,"[[0,140],[5,124],[10,29],[15,11],[20,11],[25,9],[30,7],[35,4],[40,5],[45,3],[55,1],[60,2],[75,2],[80,1],[85,1],[95,2],[110,1],[125,1],[250,1],[465,1],[600,1],[640,1]]",4683.991758,0,POINT(-76.9978408813477 38.8396606445313)
11001009811,District of Columbia,38.83095932,38.82126999,-76.99118805,-77.00241852,38.82664871,-76.99845886,1037,349,99.27536232,84.91484185,222,2051,1499,1443,12206,23,17421,5.75,4355.25,59372.29798,684241.6867,443009.3955,417515.1972,3762969.913,6823.989258,5367108.49,"[[0,142],[5,97],[10,31],[15,25],[20,17],[25,14],[30,4],[35,3],[40,3],[45,1],[50,2],[55,1],[65,1],[70,1],[85,1],[100,1],[105,1],[115,1],[130,1],[190,1],[255,1]]",3410.586151,0,POINT(-76.9984588623047 38.8266487121582)
11001009102,District of Columbia,38.92765045,38.90999985,-76.97815704,-77.00141144,38.91873932,-76.98898315,1037,614,95.12195122,62.97435897,971,5256,2407,2145,72939,24,83718,6,20929.5,254782.1759,1718555.143,724392.9658,624381.8411,22528542.17,7498.933667,25850654.3,"[[0,237],[5,194],[10,61],[15,25],[20,19],[25,7],[30,9],[35,3],[40,5],[45,3],[50,1],[55,1],[60,2],[65,1],[70,1],[75,4],[80,2],[85,2],[90,3],[95,4],[115,3],[120,1],[140,1],[145,1],[150,1],[155,2],[160,1],[165,1],[180,2],[190,1],[215,2],[220,1],[260,2],[340,1],[385,1],[400,1],[425,1],[470,1],[515,1],[600,1],[1060,1],[1355,1],[2000,1],[3725,1]]",16427.0731,3,POINT(-76.9889831542969 38.9187393188477)
11001009501,District of Columbia,38.95241165,38.93120956,-76.99443054,-77.01093292,38.94182587,-77.00292969,1037,407,96.40625,65.9643436,474,4208,5076,5883,26398,24,42039,6,10509.75,125935.8326,1384528.815,1431071.131,1725989.656,8000670.784,7248.251318,12668196.22,"[[0,175],[5,85],[10,26],[15,22],[20,15],[25,9],[30,11],[35,7],[40,1],[45,3],[55,6],[60,2],[65,4],[70,4],[75,3],[80,3],[85,2],[90,2],[95,1],[100,1],[110,2],[120,3],[125,1],[130,2],[135,2],[150,1],[155,1],[160,1],[175,1],[180,1],[200,1],[205,1],[230,1],[235,1],[245,1],[255,1],[275,1],[335,1],[430,1],[740,1]]",8050.139969,9,POINT(-77.0029296875 38.9418258666992)
11001009901,District of Columbia,38.88362885,38.8662796,-76.94577026,-76.96492004,38.87534714,-76.9553299,1037,752,99.45945946,81.73913043,1651,11088,3752,4724,5534,24,26749,6,6687.25,439009.6057,3479444.621,1066778.665,1353077.411,1650594.226,7402.322742,7988904.529,"[[0,236],[5,342],[10,118],[15,44],[20,2],[25,3],[50,1],[75,1],[85,1],[140,1],[165,1],[280,1],[375,1]]",5076.634317,5,POINT(-76.9553298950195 38.8753471374512)
11001011100,District of Columbia,38.93519974,38.89707184,-76.94386292,-76.97910309,38.91611862,-76.96649933,1037,1395,98.27968923,78.76905703,1713,12953,5310,9710,144235,24,173921,6,43480.25,456724.0648,4150167.622,1511504.037,2822888.707,44443752.31,7181.604553,53385036.74,"[[0,531],[5,508],[10,136],[15,33],[20,17],[25,13],[30,10],[35,9],[40,10],[45,7],[50,5],[55,2],[60,7],[65,8],[70,3],[75,3],[80,2],[85,3],[90,1],[95,3],[100,4],[110,4],[115,4],[120,4],[130,2],[135,2],[140,2],[145,2],[150,3],[155,2],[160,2],[165,2],[175,2],[180,2],[185,1],[195,2],[205,1],[220,2],[225,1],[230,2],[235,2],[240,2],[245,1],[250,2],[255,1],[265,2],[270,1],[285,1],[300,1],[305,1],[315,1],[325,1],[365,2],[375,1],[390,1],[395,1],[425,1],[440,1],[455,1],[520,1],[630,1],[825,1],[880,1],[900,1],[995,1],[1060,2],[1160,1],[1295,1],[1410,1],[1530,1],[1905,1],[2450,1]]",33924.08916,10,POINT(-76.9664993286133 38.9161186218262)
11001001600,District of Columbia,38.99554825,38.97198105,-77.02642822,-77.05177307,38.98449707,-77.03782654,1037,1317,99.3498818,78.34622249,1542,19250,7395,9415,9990,25,47592,6.25,11898,410527.7007,6042310.663,2122587.499,2724572.373,2983919.232,7595.38584,14283917.47,"[[0,424],[5,571],[10,172],[15,72],[20,32],[25,9],[30,6],[35,10],[40,5],[45,2],[50,2],[55,1],[60,1],[70,2],[75,1],[85,2],[100,1],[130,1],[155,1],[195,1],[205,1]]",9076.867215,14,POINT(-77.0378265380859 38.9844970703125)
11001004100,District of Columbia,38.92129898,38.90962982,-77.0461731,-77.05908966,38.91565323,-77.05204773,1037,434,97.76,71.03109656,409,3244,1415,1444,13218,25,19730,6.25,4932.5,109739.2194,1043570.706,406201.4891,411034.5915,4004793.328,7229.866541,5975339.334,"[[0,180],[5,127],[10,44],[15,35],[20,11],[25,3],[30,7],[35,3],[40,3],[45,3],[50,3],[55,6],[60,1],[65,1],[70,2],[85,1],[90,2],[110,1],[250,1]]",3797.092907,3,POINT(-77.0520477294922 38.9156532287598)
11001007502,District of Columbia,38.86307907,38.8503418,-76.96195984,-76.9752121,38.85663223,-76.96955109,1037,386,98.17767654,89.55916473,2161,4941,4091,3888,11812,25,26893,6.25,6723.25,580150.4267,1615943.632,1241235.977,1144183.73,3596452.641,7573.266229,8177966.407,"[[0,134],[5,134],[10,44],[15,7],[20,10],[25,4],[30,8],[35,1],[40,7],[45,2],[50,2],[55,3],[60,4],[65,2],[70,1],[75,2],[80,3],[85,1],[90,3],[95,4],[105,1],[110,2],[150,2],[170,1],[195,1],[210,1],[275,1],[315,1]]",5196.775698,8,POINT(-76.9695510864258 38.856632232666)
11001007603,District of Columbia,38.86558914,38.85190964,-76.94676208,-76.96819305,38.85910797,-76.9585495,1037,727,98.87387387,82.80182232,639,9695,4721,6690,6802,25,28547,6.25,7136.75,170246.3649,3085093.509,1330384.472,1909619.936,2075447.44,7505.479559,8570791.722,"[[0,246],[5,309],[10,92],[15,28],[20,2],[25,9],[30,9],[35,5],[40,11],[45,2],[50,3],[55,3],[60,1],[65,1],[70,2],[80,2],[170,1],[320,1]]",5446.400721,6,POINT(-76.9585494995117 38.8591079711914)
11001010300,District of Columbia,38.98450851,38.96992111,-77.0187912,-77.03636932,38.97614288,-77.02720642,1037,628,98.15270936,78.79548306,1340,7330,4010,5485,22967,25,41132,6.25,10283,358438.9958,2374612.163,1154734.655,1557932.537,7005487.226,7272.030566,12451205.58,"[[0,228],[5,238],[10,103],[15,18],[20,3],[25,4],[30,1],[35,3],[40,1],[45,5],[50,3],[55,2],[60,1],[65,1],[75,1],[80,2],[105,1],[110,2],[115,1],[145,2],[160,1],[170,1],[225,1],[270,1],[305,1],[550,1],[765,1],[1900,1]]",7912.25096,5,POINT(-77.0272064208984 38.9761428833008)
11001003700,District of Columbia,38.92668152,38.91912842,-77.03183746,-77.03649902,38.92286682,-77.03433228,1037,209,95.81881533,76,160,934,563,871,12499,26,15027,6.5,3756.75,43754.29806,307705.0758,162243.7994,253382.4476,3783310.736,7617.671155,4550396.357,"[[0,74],[5,56],[10,17],[15,12],[20,10],[25,6],[30,5],[35,2],[40,3],[45,6],[50,1],[55,1],[60,2],[70,2],[75,4],[85,2],[95,2],[110,1],[135,1],[145,1],[235,1]]",2891.597743,0,POINT(-77.0343322753906 38.9228668212891)
11001007404,District of Columbia,38.85425186,38.8445015,-76.97283173,-76.99247742,38.85031128,-76.98203278,1037,421,97.92960663,89.00634249,1698,8716,5313,5231,6285,26,27243,6.5,6810.75,444013.0423,2923278.335,1598321.143,1499034.884,1933140.69,8160.843359,8397788.094,"[[0,155],[5,122],[10,66],[15,21],[20,15],[25,6],[30,4],[35,1],[40,3],[45,2],[50,3],[70,2],[75,3],[80,2],[85,4],[95,3],[100,1],[120,1],[125,1],[140,1],[145,1],[165,1],[300,2],[655,1]]",5336.463726,3,POINT(-76.9820327758789 38.8503112792969)
11001007709,District of Columbia,38.88201141,38.87108994,-76.95886993,-76.9781723,38.87737274,-76.96788025,1037,350,98.16326531,72.76507277,67,1887,727,1007,12310,26,15998,6.5,3999.5,18115.5257,605256.9691,211184.3335,282946.2826,3753457.829,7899.726099,4870960.939,"[[0,124],[5,132],[10,59],[15,11],[20,5],[25,2],[30,3],[35,2],[40,1],[45,1],[50,2],[55,1],[60,1],[65,1],[70,1],[125,1],[170,1],[195,1],[445,1]]",3095.303915,1,POINT(-76.9678802490234 38.8773727416992)
11001009803,District of Columbia,38.8418808,38.83100128,-77.0005722,-77.00840759,38.83586884,-77.00408173,1037,275,99.42528736,79.47976879,467,2721,2381,2027,9750,26,17346,6.5,4336.5,130459.31,897648.6719,713081.8039,595330.2412,2980643.566,7824.78042,5317163.593,"[[0,96],[5,93],[10,23],[15,13],[20,15],[25,8],[30,4],[35,6],[40,4],[45,2],[50,2],[55,1],[65,1],[70,1],[85,2],[95,1],[115,1],[135,1],[870,1]]",3378.848135,2,POINT(-77.0040817260742 38.8358688354492)
11001000400,District of Columbia,38.93186951,38.9169693,-77.054039,-77.0732193,38.92388916,-77.06590271,1037,357,92.23484848,73.30595483,761,6347,2224,2763,16478,28,28573,7,7143.25,201714.6687,1991990.655,640925.7099,781370.6541,4954200.234,8408.178418,8570201.922,"[[0,109],[5,132],[10,41],[15,13],[20,9],[25,11],[30,3],[35,3],[40,3],[45,3],[55,2],[60,4],[65,3],[70,1],[75,1],[80,1],[85,1],[90,3],[95,1],[100,1],[125,1],[130,1],[140,1],[155,2],[170,1],[175,1],[190,1],[290,1],[340,1],[345,1],[540,1]]",5446.025926,5,POINT(-77.0659027099609 38.9238891601562)
11001009601,District of Columbia,38.9185791,38.90147018,-76.9316864,-76.95812988,38.91020203,-76.94444275,1037,391,98.76796715,81.28898129,1889,4791,3798,4409,8398,28,23285,7,5821.25,512032.0599,1543713.968,1150626.597,1259201.914,2564648.45,8090.405627,7030222.988,"[[0,133],[5,123],[10,61],[15,17],[20,7],[25,6],[30,3],[35,3],[40,3],[45,2],[50,5],[55,1],[60,5],[65,5],[70,2],[75,1],[80,2],[85,2],[90,1],[95,2],[100,2],[105,1],[110,3],[300,1]]",4467.42994,0,POINT(-76.9444427490234 38.9102020263672)
11001000901,District of Columbia,38.94916153,38.92736053,-77.08544159,-77.11212921,38.93810654,-77.10047913,1037,1185,99.55891619,75,842,21311,8142,7633,21951,29,59879,7.25,14969.75,225241.935,6672806.97,2354784.15,2170959.912,6585471.005,8509.124219,18009263.97,"[[0,344],[5,506],[10,214],[15,51],[20,11],[25,6],[30,5],[35,3],[40,1],[45,5],[50,1],[55,1],[60,4],[65,3],[70,2],[75,4],[80,1],[95,1],[100,1],[105,1],[110,3],[120,2],[125,1],[130,1],[140,1],[145,1],[175,1],[210,2],[215,1],[220,1],[225,1],[245,1],[315,1],[325,1],[480,1],[580,1]]",11444.17826,7,POINT(-77.1004791259766 38.9381065368652)
11001003800,District of Columbia,38.9265213,38.91677856,-77.03648376,-77.04267883,38.92163086,-77.03917694,1037,251,93.43891403,60.7748184,528,2208,1226,1415,17321,29,22698,7.25,5674.5,146172.8491,733958.6431,352259.7698,417207.9373,5249092.195,9133.481592,6898691.395,"[[0,91],[5,69],[10,21],[15,15],[20,10],[25,3],[30,3],[35,2],[45,2],[50,2],[55,2],[60,3],[65,5],[70,2],[75,1],[80,2],[85,1],[90,2],[95,1],[100,1],[105,2],[110,2],[115,1],[125,1],[130,1],[135,1],[150,1],[155,1],[205,1],[335,1],[405,1]]",4383.84679,0,POINT(-77.039176940918 38.921630859375)
11001007301,District of Columbia,38.86885834,38.8196106,-77.00173187,-77.04801941,38.84072113,-77.0230484,1037,1014,99.12126538,89.89361702,4854,16775,15780,19284,84329,29,141022,7.25,35255.5,1289591.886,5622994.54,4776520.473,5668172.625,25959421.66,8845.698486,43316701.18,"[[0,341],[5,241],[10,87],[15,80],[20,63],[25,36],[30,18],[35,8],[40,8],[45,7],[50,6],[55,3],[60,8],[65,4],[70,9],[75,3],[80,1],[85,2],[90,3],[100,2],[105,2],[110,5],[115,2],[120,7],[125,2],[130,1],[135,1],[140,3],[150,1],[155,1],[160,1],[165,1],[170,2],[180,2],[185,3],[190,4],[195,4],[200,3],[205,2],[215,2],[225,1],[235,3],[245,1],[250,1],[265,2],[275,1],[280,1],[285,2],[310,2],[325,3],[330,1],[345,1],[400,1],[420,1],[445,1],[465,1],[485,1],[490,1],[525,1],[560,1],[590,2],[615,1],[730,1],[790,1],[805,1],[860,1],[1255,1]]",27526.05829,0,POINT(-77.0230484008789 38.8407211303711)
11001001301,District of Columbia,38.96194077,38.94385147,-77.04058075,-77.06941986,38.95383453,-77.05460358,1037,420,98.75195008,66.3507109,376,7423,2876,2559,9006,30,22240,7.5,5560,100712.3745,2289923.292,811983.9744,701032.4478,2700245.831,8780.704718,6603897.92,"[[0,122],[5,166],[10,71],[15,29],[20,8],[25,7],[30,1],[35,2],[40,3],[45,1],[65,1],[95,1],[135,2],[160,1],[170,1],[225,1],[235,1],[295,1],[420,1]]",4196.517143,9,POINT(-77.0546035766602 38.9538345336914)
11001001302,District of Columbia,38.94886017,38.9307518,-77.04788971,-77.06568146,38.94116592,-77.05612946,1037,226,97.38372093,67.46268657,105,2397,737,545,28514,30,32298,7.5,8074.5,28222.78564,735012.9753,208175.8326,154704.6652,8582837.149,8982.030518,9708953.407,"[[0,76],[5,61],[10,27],[15,15],[20,1],[25,3],[30,5],[35,3],[40,3],[45,1],[55,2],[65,1],[70,3],[75,1],[85,1],[90,2],[95,1],[105,1],[110,1],[115,2],[125,1],[150,2],[185,1],[205,1],[210,1],[240,1],[255,1],[260,1],[270,1],[315,1],[375,1],[380,1],[405,1],[630,1],[765,1]]",6169.657664,2,POINT(-77.0561294555664 38.9411659240723)
11001007401,District of Columbia,38.87147141,38.8535614,-76.9881897,-77.00567627,38.86463928,-76.99687958,1037,218,93.7037037,86.16600791,422,2850,2689,678,18060,38,24699,9.5,6174.75,110780.3221,926596.0765,846769.3959,185486.262,5545199.259,12011.46611,7614831.316,"[[0,65],[5,47],[10,32],[15,19],[20,22],[25,4],[30,5],[35,1],[40,4],[45,1],[60,2],[65,2],[90,3],[110,1],[140,2],[145,1],[170,1],[205,1],[215,1],[220,1],[260,1],[545,1],[1190,1]]",4838.925517,0,POINT(-76.9968795776367 38.8646392822266)
11001001002,District of Columbia,38.94591904,38.93342972,-77.07241058,-77.08563232,38.93841934,-77.07888794,1037,159,96.53465347,81.53846154,178,5065,2302,2872,20124,40,30541,10,7635.25,46839.72621,1662061.999,668469.3215,821795.1238,6046794.988,12036.95874,9245961.159,"[[0,34],[5,45],[10,10],[15,7],[20,4],[25,5],[30,4],[35,7],[40,3],[45,4],[50,3],[55,6],[60,2],[65,2],[70,1],[75,1],[80,1],[85,1],[90,1],[95,1],[100,2],[110,2],[120,1],[135,1],[150,1],[195,1],[205,2],[245,1],[385,1],[395,1],[440,1],[455,1],[670,1],[705,1]]",5875.444317,1,POINT(-77.0788879394531 38.938419342041)
11001009904,District of Columbia,38.88975906,38.88056946,-76.92759705,-76.93592072,38.88515472,-76.93113708,1037,224,98.84615385,87.15953307,2269,5631,1958,2491,9616,44,21965,11,5491.25,593091.69,1891131.768,577458.903,717625.8966,2938384.228,13259.35171,6717692.485,"[[0,39],[5,64],[10,23],[15,17],[20,20],[25,12],[30,13],[35,13],[40,10],[45,1],[60,1],[65,1],[70,1],[80,1],[90,1],[95,2],[100,1],[120,1],[290,1],[295,1],[855,1]]",4268.829109,9,POINT(-76.9311370849609 38.8851547241211)
11001007200,District of Columbia,38.88153076,38.86885834,-76.99051666,-77.00910187,38.87512589,-77.00089264,1037,132,72.22222222,72.52747253,1099,5918,5260,6496,35407,50,54180,12.5,13545,305428.7643,1999557.097,1496177.382,1858387.781,10657163.97,14648.12637,16316715,"[[0,41],[5,19],[10,10],[15,5],[20,3],[25,1],[30,1],[35,1],[40,3],[45,3],[60,3],[65,1],[75,2],[80,2],[85,2],[90,2],[95,1],[100,1],[105,1],[120,2],[130,3],[160,1],[165,1],[170,1],[180,1],[190,1],[200,2],[205,2],[210,1],[245,1],[275,2],[350,1],[355,1],[460,1],[475,1],[495,1],[590,1],[625,1],[660,1],[685,1],[815,1],[900,1],[1585,1]]",10368.63002,0,POINT(-77.0008926391602 38.8751258850098)
11001008803,District of Columbia,38.91722107,38.90399933,-76.97815704,-77.00222015,38.91043091,-76.99134064,1037,306,97.33009709,76.30922693,542,2283,2894,1319,72358,50,79396,12.5,19849,145635.2957,743415.4109,883994.8784,375170.7143,22217566.38,14933.05732,24365782.68,"[[0,86],[5,51],[10,22],[15,13],[20,13],[25,10],[30,11],[35,8],[40,6],[45,4],[50,6],[55,6],[60,4],[65,3],[70,2],[75,8],[80,2],[85,1],[90,1],[95,1],[100,3],[105,3],[110,1],[115,1],[120,2],[130,2],[135,2],[145,3],[150,1],[165,3],[190,3],[220,1],[225,2],[240,1],[245,1],[280,2],[305,1],[310,1],[320,2],[355,1],[445,2],[490,1],[520,1],[555,2],[590,1],[695,1],[880,1],[915,1],[920,1],[1055,1]]",15483.49565,0,POINT(-76.991340637207 38.9104309082031)
11001009810,District of Columbia,38.83140182,38.82196045,-77.00135803,-77.0076828,38.82720184,-77.00457764,1037,156,98.95833333,82.10526316,4,1080,2187,2543,10022,56,15836,14,3959,1073.532776,362435.7704,648118.2548,762369.5211,3085978.25,17254.53682,4859975.329,"[[0,39],[5,28],[10,12],[15,20],[20,12],[25,12],[30,7],[35,5],[40,6],[45,3],[50,8],[70,1],[75,1],[105,1],[1095,1]]",3088.322992,0,POINT(-77.0045776367188 38.8272018432617)
11001007406,District of Columbia,38.85848999,38.85271072,-76.98329926,-76.99372101,38.85551453,-76.98957062,1037,118,100,94.4,2661,4244,1076,1153,5616,65,14750,16.25,3687.5,724329.0209,1394584.328,312182.1035,335138.3494,1724735.502,17697.52046,4490969.304,"[[0,43],[5,10],[10,5],[15,4],[20,9],[25,4],[30,3],[35,9],[40,5],[45,8],[50,5],[55,1],[65,1],[70,1],[75,1],[85,1],[90,1],[110,1],[120,1],[135,1],[165,1],[225,1],[235,1],[300,1]]",2853.83419,0,POINT(-76.9895706176758 38.8555145263672)
11001009602,District of Columbia,38.90827942,38.89553833,-76.94415283,-76.96193695,38.90133286,-76.95343018,1037,137,96.15384615,68.5,2579,5344,3587,4043,15320,65,30873,16.25,7718.25,674814.9449,1771276.875,1075581.432,1194448.309,4686996.456,19616.47515,9403118.016,"[[0,42],[5,14],[10,11],[15,2],[20,2],[25,4],[30,2],[35,4],[40,4],[45,6],[50,5],[55,4],[60,2],[65,5],[70,1],[80,1],[85,1],[90,1],[100,1],[105,3],[110,1],[115,1],[120,2],[125,2],[130,1],[135,1],[150,1],[160,1],[175,1],[190,2],[195,1],[210,1],[220,1],[240,1],[280,1],[305,1],[345,1],[520,1],[580,1]]",5975.311313,3,POINT(-76.9534301757812 38.9013328552246)
11001005800,District of Columbia,38.90295029,38.89276123,-77.0189209,-77.03365326,38.89787292,-77.02500153,1037,1,0.4048583,100,20,105,65,77,74,341,341,85.25,85.25,5368.075391,35605.3243,18780.88883,22002.08243,22882.85301,104639.224,104639.224,"[[85,1]]",66.49410734,0,POINT(-77.0250015258789 38.8978729248047)
11001006202,District of Columbia,38.90019989,38.85499954,-77.00202942,-77.06469727,38.8805275,-77.0353775,1037,7,3.286384977,100,79,313,101,238,8740,359,9471,89.75,2367.75,21280.20364,108274.7645,29523.92044,68286.00311,2663841.887,114107.866,2891206.778,"[[0,1],[20,1],[25,1],[85,1],[95,1],[580,1],[1545,1]]",1837.248085,0,POINT(-77.0353775024414 38.8805274963379)
11001007408,District of Columbia,38.85691071,38.84899902,-76.96350098,-76.97648621,38.85257339,-76.97068787,1037,171,96.41255605,79.53488372,358,1402,541,268,8920,33,11489,8.25,2872.25,92378.22319,461010.6485,169563.5233,72449.51789,2743171.228,9914.761084,3538573.141,"[[0,56],[5,47],[10,22],[15,15],[20,6],[25,3],[30,3],[35,1],[40,2],[45,2],[55,2],[65,2],[70,1],[75,2],[80,1],[85,2],[90,1],[100,1],[125,1],[215,1]]",2248.623923,4,POINT(-76.9706878662109 38.8525733947754)
11001011000,District of Columbia,38.87731171,38.85636902,-77.01318359,-77.02378082,38.86883926,-77.01805115,1037,48,26.06635071,87.27272727,19,3273,1104,1618,2657,43,8671,10.75,2167.75,4855.031287,1115091.791,316590.9207,459457.2863,799267.0349,13565.41801,2695262.065,"[[0,13],[5,8],[10,3],[15,3],[20,2],[25,3],[30,1],[35,2],[40,2],[45,1],[60,1],[65,1],[90,1],[105,1],[125,1],[155,1],[180,1],[210,1],[265,1],[335,1]]",1712.732934,1,POINT(-77.0180511474609 38.868839263916)
11001000702,District of Columbia,38.92618942,38.92148972,-77.07312012,-77.08226776,38.9241066,-77.07781219,1037,92,96.09375,74.79674797,26,294,55,203,15584,49,16162,12.25,4040.5,6979.400012,92076.22468,16022.50031,57154.79127,4705607.129,14165.02712,4877840.045,"[[0,19],[5,19],[10,15],[15,4],[20,6],[40,5],[50,2],[55,3],[60,1],[70,4],[80,1],[85,2],[115,1],[140,1],[160,1],[180,1],[190,1],[195,1],[200,1],[265,1],[285,2],[325,1]]",3099.675316,0,POINT(-77.0778121948242 38.9241065979004)
11001010900,District of Columbia,38.82408905,38.79164124,-77.00124359,-77.0391922,38.8116188,-77.02488708,1037,224,97.44525547,83.89513109,278,2093,3020,3976,40159,57,49526,14.25,12381.5,75565.37924,688392.5241,866036.2369,1175818.02,12390479.51,17697.11258,15196291.67,"[[0,45],[5,53],[10,15],[15,18],[20,6],[25,5],[30,10],[35,4],[40,1],[45,3],[50,6],[55,1],[60,3],[65,7],[70,5],[75,3],[80,1],[90,3],[95,2],[100,1],[110,2],[115,2],[120,2],[125,1],[130,1],[135,2],[140,1],[145,1],[160,1],[170,1],[180,1],[185,2],[195,2],[200,1],[265,1],[285,1],[310,1],[350,1],[365,1],[390,1],[420,1],[440,1],[445,1],[460,1],[570,1],[815,1]]",9656.645103,2,POINT(-77.0248870849609 38.8116188049316)
11001006804,District of Columbia,38.89768982,38.87694931,-76.96174622,-76.98162079,38.8878746,-76.97128296,1037,38,98.33333333,64.40677966,4,5286,1463,451,18709,156,25913,39,6478.25,1153.578143,1702904.22,429101.6519,130603.3343,5637352.112,44325.08904,7901114.897,"[[0,8],[5,7],[10,1],[15,1],[20,1],[35,1],[45,1],[55,1],[60,1],[70,1],[85,1],[100,2],[120,1],[135,1],[140,1],[215,2],[325,1],[355,1],[375,1],[550,1],[685,1],[1050,1],[1590,1]]",5020.847462,0,POINT(-76.9712829589844 38.8878746032715)
11001002302,District of Columbia,38.9446106,38.9262619,-77.00097656,-77.0192337,38.93389511,-77.01087952,1037,109,98.4,88.61788618,182,4116,2901,3021,26599,87,36819,21.75,9204.75,42201.50266,1356137.93,847048.3865,855607.0897,8022135.296,25600.99893,11123130.2,"[[0,13],[5,14],[10,12],[15,13],[20,4],[25,6],[30,4],[35,2],[40,3],[45,5],[50,3],[55,3],[60,2],[65,1],[70,1],[80,2],[85,2],[95,1],[100,1],[105,1],[110,1],[115,1],[145,1],[150,1],[160,2],[165,1],[175,2],[180,1],[240,1],[475,1],[495,1],[915,1],[1290,1],[1655,1]]",7068.311345,0,POINT(-77.0108795166016 38.933895111084)
11001006400,District of Columbia,38.87646866,38.86077118,-77.00567627,-77.01554108,38.86869049,-77.0114975,1037,67,26.39484979,54.47154472,92,786,633,743,23563,91,25817,22.75,6454.25,25259.35018,264380.2523,177800.5022,209409.2296,7190788.915,27565.61766,7867638.25,"[[0,16],[5,5],[10,6],[15,5],[20,5],[30,5],[35,2],[40,1],[45,3],[50,2],[55,1],[75,1],[80,1],[85,1],[90,1],[100,1],[190,2],[210,1],[215,1],[260,1],[275,1],[375,1],[735,1],[785,1],[895,1],[910,1]]",4999.574371,0,POINT(-77.0114974975586 38.8686904907227)
11001007403,District of Columbia,38.85118866,38.84542847,-76.96559906,-76.98126984,38.84846115,-76.97442627,1037,115,92.24137931,53.73831776,2461,3119,968,1034,5930,103,13512,25.75,3378,684363.3759,1026034.657,284463.2097,312606.4375,1825331.874,31762.8498,4132799.555,"[[0,20],[5,11],[10,3],[15,9],[20,10],[25,20],[30,19],[35,4],[40,3],[45,2],[50,2],[55,1],[70,1],[75,1],[80,1],[85,1],[90,2],[95,1],[100,2],[125,1],[170,1]]",2626.231415,0,POINT(-76.9744262695312 38.848461151123)
11001010700,District of Columbia,38.9093895,38.89873886,-77.03652954,-77.04972839,38.90399933,-77.04197693,1037,184,58.08823529,77.6371308,55,482,340,396,56014,158,57287,39.5,14321.75,14679.53061,151010.1818,99315.06634,112966.3958,16562472.77,45347.26436,16940443.94,"[[0,32],[5,23],[10,16],[15,6],[20,6],[25,3],[30,4],[35,3],[40,7],[45,2],[50,4],[55,1],[60,1],[65,2],[70,3],[75,5],[80,3],[85,2],[90,5],[95,2],[100,2],[105,2],[110,2],[115,6],[125,1],[130,1],[135,1],[140,1],[145,3],[150,2],[155,3],[160,4],[165,5],[175,2],[180,3],[210,2],[225,1],[235,1],[260,1],[265,1],[270,1],[295,1],[305,2],[320,2],[465,1],[475,1],[490,1],[570,1]]",10764.9852,1,POINT(-77.0419769287109 38.9039993286133)
11001004701,District of Columbia,38.90734863,38.9025116,-77.00904846,-77.02191925,38.90413666,-77.01364899,1037,17,19.58762887,89.47368421,14,5,19,18,5811,254,5867,63.5,1466.75,3756.408154,1636.901715,5355.147961,4486.895062,1743079.349,72323.99109,1758314.702,"[[0,4],[5,3],[15,1],[60,1],[65,1],[100,1],[115,1],[145,1],[160,1],[215,1],[245,1],[300,1]]",1117.339771,0,POINT(-77.0136489868164 38.9041366577148)
11001000201,District of Columbia,38.91268921,38.90581131,-77.06907654,-77.07965851,38.9093399,-77.0748291,1037,66,96.51162791,79.51807229,92,4059,1411,2377,14626,191,22565,47.75,5641.25,24331.6199,1350468.567,398330.7978,656566.8783,4375825.33,59744.78599,6805523.193,"[[0,9],[5,7],[10,8],[15,1],[20,4],[40,2],[45,2],[50,1],[55,1],[60,2],[65,1],[75,4],[90,1],[95,2],[105,2],[115,2],[130,1],[145,2],[150,1],[155,1],[160,1],[170,1],[180,2],[215,2],[240,1],[255,1],[285,2],[410,1],[480,1]]",4324.642066,0,POINT(-77.0748291015625 38.9093399047852)
11001007903,District of Columbia,38.89889908,38.89329147,-76.96949005,-76.97725677,38.89638519,-76.97432709,1037,204,86.26373626,32.48407643,0,93,51,4,5894,12,6042,3,1510.5,0,31375.43398,14926.76979,1183.380957,1809622.572,3733.9479,1857108.156,"[[0,156],[5,33],[10,6],[15,2],[20,1],[65,3],[90,1],[110,1],[300,1]]",1180.119122,0,POINT(-76.9743270874023 38.8963851928711)
11001003302,District of Columbia,38.91680908,38.91078949,-77.00904083,-77.01426697,38.91388702,-77.01119232,1037,358,94.76584022,52.03488372,0,398,152,159,5401,13,6110,3.25,1527.5,0,131194.9989,42630.9883,44911.32819,1651006.109,3947.965698,1869743.424,"[[0,283],[5,63],[10,7],[15,2],[30,1],[50,1],[55,1]]",1188.148337,0,POINT(-77.0111923217773 38.9138870239258)
11001008100,District of Columbia,38.89735031,38.88980103,-76.990242,-76.99497223,38.89319229,-76.99253082,1037,135,25.98684211,56.96202532,0,188,33,63,2145,14,2429,3.5,607.25,0,60392.68417,8900.224866,16999.51254,649507.5077,4216.58894,735799.9292,"[[0,107],[5,24],[10,1],[15,1],[20,1],[65,1]]",467.5718877,1,POINT(-76.9925308227539 38.8931922912598)
11001010100,District of Columbia,38.9071312,38.89876175,-77.02398682,-77.03655243,38.9026947,-77.03185272,1037,16,11.48648649,94.11764706,0,196,42,14,4761,136,5013,34,1253.25,0,63916.25479,11859.24503,3501.558191,1403254.582,39891.69656,1482531.64,"[[0,1],[5,1],[10,2],[25,1],[30,3],[40,1],[45,1],[75,1],[140,1],[150,1],[155,1],[210,1],[260,1]]",942.0904923,0,POINT(-77.031852722168 38.9026947021484)
11001010800,District of Columbia,38.90229034,38.89210129,-77.03945923,-77.05014038,38.89735031,-77.04460907,1037,9,7.446808511,64.28571429,30,41,0,34,4254,267,4359,66.75,1089.75,7693.195605,13391.41496,0,8882.84054,1271026.155,80105.78882,1300993.606,"[[5,1],[25,1],[30,2],[65,1],[105,1],[150,1],[300,1],[360,1]]",826.7302186,0,POINT(-77.0446090698242 38.8973503112793)
11001008002,District of Columbia,38.89358139,38.88922882,-76.97383881,-76.991539,38.89153671,-76.98275757,,0,0.189393939,0,0,0,0,0,0,13,,3.25,,0,0,0,0,0,3891.000757,,"[[0,339],[5,76],[10,16],[15,9],[20,3],[25,4],[30,1],[50,1],[65,1],[75,1],[90,1],[100,1],[120,1],[145,2]]",0,0,POINT(-76.9827575683594 38.8915367126465)
11001004400,District of Columbia,38.92076874,38.91408157,-77.02188873,-77.03195953,38.91701508,-77.02758789,,0,0.079113924,0,0,0,0,0,0,15,,3.75,,0,0,0,0,0,4570.787012,,"[[0,438],[5,161],[10,14],[15,6],[20,10],[25,7],[30,6],[35,3],[40,2],[45,4],[50,3],[60,1],[70,1],[75,1],[80,2],[90,2],[100,3],[115,1],[125,2],[150,1],[165,1],[175,2],[265,2],[635,1]]",0,0,POINT(-77.027587890625 38.9170150756836)
11001002702,District of Columbia,38.93331909,38.92684174,-77.03646088,-77.05104828,38.93018341,-77.04181671,,0,0.200400802,0,0,0,0,0,0,17,,4.25,,0,0,0,0,0,5154.114453,,"[[0,403],[5,203],[10,21],[15,9],[20,7],[25,4],[30,2],[35,3],[40,1],[45,1],[50,1],[70,1],[115,1],[120,1],[135,1]]",0,0,POINT(-77.0418167114258 38.9301834106445)
11001000100,District of Columbia,38.91902161,38.89175034,-77.05014038,-77.06926727,38.90607834,-77.06078339,,0,0.107874865,0,0,0,0,0,0,18,,4.5,,0,0,0,0,0,5344.240112,,"[[0,610],[5,299],[10,68],[15,26],[20,18],[25,8],[30,6],[35,5],[40,2],[45,8],[50,3],[55,2],[60,2],[70,1],[75,2],[80,1],[85,1],[95,1],[130,1],[135,1],[140,1],[145,2],[155,1],[170,1],[175,1],[190,1],[205,1],[225,1],[240,1],[275,1],[285,1],[290,1],[300,1],[310,2],[380,1],[630,1]]",0,0,POINT(-77.0607833862305 38.9060783386231)
11001004901,District of Columbia,38.9140892,38.90856934,-77.02191162,-77.02703857,38.91133118,-77.02448273,,0,0.666666667,0,0,0,0,0,0,18,,4.5,,0,0,0,0,0,5374.551349,,"[[0,173],[5,78],[10,16],[15,3],[20,3],[25,8],[30,1],[40,3],[55,2],[60,2],[65,2],[85,1],[105,1],[190,1],[210,1],[230,1],[780,1]]",0,0,POINT(-77.0244827270508 38.9113311767578)
11001001100,District of Columbia,38.96730042,38.94649887,-77.06941986,-77.08573151,38.95724487,-77.07766724,,0,0.064850843,0,0,0,0,0,0,19,,4.75,,0,0,0,0,0,5932.170337,,"[[0,510],[5,367],[10,83],[15,21],[20,13],[25,6],[30,5],[35,2],[40,1],[45,4],[50,2],[55,1],[60,3],[65,2],[70,2],[75,2],[80,1],[90,1],[95,1],[110,1],[130,1],[145,1],[150,2],[155,1],[160,1],[185,1],[215,1],[230,1],[245,1],[385,1],[420,1],[500,1],[520,1],[600,1]]",0,0,POINT(-77.0776672363281 38.9572448730469)
11001004002,District of Columbia,38.92266083,38.91437912,-77.04164886,-77.04634857,38.91809845,-77.04373932,,0,0.354609929,0,0,0,0,0,0,19,,4.75,,0,0,0,0,0,5865.862036,,"[[0,84],[5,32],[10,12],[15,16],[20,7],[30,1],[35,3],[40,2],[45,1],[50,1],[55,2],[80,1],[105,1],[165,1],[245,1],[380,1],[410,1]]",0,0,POINT(-77.0437393188477 38.918098449707)
11001007503,District of Columbia,38.86795044,38.86019897,-76.9821701,-76.99240112,38.86398697,-76.98697662,,0,0.162601626,0,0,0,0,0,0,20,,5,,0,0,0,0,0,6074.772778,,"[[0,209],[5,125],[10,33],[15,8],[20,9],[25,3],[30,5],[40,3],[45,2],[50,2],[55,2],[60,3],[65,1],[75,2],[85,1],[90,2],[95,2],[100,3],[105,1],[110,2],[115,1],[120,2],[185,1],[210,2]]",0,0,POINT(-76.9869766235352 38.8639869689941)
11001009504,District of Columbia,38.94628143,38.93389893,-76.98829651,-77.00007629,38.94093323,-76.99308777,,0,0.334075724,0,0,0,0,0,0,20,,5,,0,0,0,0,0,6195.608185,,"[[0,321],[5,270],[10,63],[15,10],[20,4],[25,3],[30,1],[35,2],[40,4],[60,1],[65,1],[70,1],[75,2],[80,1],[90,1],[100,1],[115,1],[125,1],[135,1],[140,1],[165,2],[200,1],[275,1],[280,2],[300,1],[370,1],[380,1],[470,1],[485,1],[490,1]]",0,0,POINT(-76.9930877685547 38.9409332275391)
11001000802,District of Columbia,38.91931915,38.90227127,-77.07801056,-77.1008606,38.91077042,-77.08759308,,0,0.542299349,0,0,0,0,0,0,22,,5.5,,0,0,0,0,0,6529.150592,,"[[0,249],[5,208],[10,61],[15,18],[20,5],[25,6],[30,2],[35,2],[40,2],[45,1],[55,1],[60,1],[65,2],[70,2],[85,2],[95,1],[145,1],[155,1],[315,1],[445,1]]",0,0,POINT(-77.0875930786133 38.9107704162598)
11001011100,District of Columbia,38.93519974,38.89707184,-76.94386292,-76.97910309,38.91611862,-76.96649933,,0,0.055493896,0,0,0,0,0,0,24,,6,,0,0,0,0,0,7181.604553,,"[[0,531],[5,508],[10,136],[15,33],[20,17],[25,13],[30,10],[35,9],[40,10],[45,7],[50,5],[55,2],[60,7],[65,8],[70,3],[75,3],[80,2],[85,3],[90,1],[95,3],[100,4],[110,4],[115,4],[120,4],[130,2],[135,2],[140,2],[145,2],[150,3],[155,2],[160,2],[165,2],[175,2],[180,2],[185,1],[195,2],[205,1],[220,2],[225,1],[230,2],[235,2],[240,2],[245,1],[250,2],[255,1],[265,2],[270,1],[285,1],[300,1],[305,1],[315,1],[325,1],[365,2],[375,1],[390,1],[395,1],[425,1],[440,1],[455,1],[520,1],[630,1],[825,1],[880,1],[900,1],[995,1],[1060,2],[1160,1],[1295,1],[1410,1],[1530,1],[1905,1],[2450,1]]",0,0,POINT(-76.9664993286133 38.9161186218262)
11001007603,District of Columbia,38.86558914,38.85190964,-76.94676208,-76.96819305,38.85910797,-76.9585495,,0,0.337837838,0,0,0,0,0,0,25,,6.25,,0,0,0,0,0,7505.479559,,"[[0,246],[5,309],[10,92],[15,28],[20,2],[25,9],[30,9],[35,5],[40,11],[45,2],[50,3],[55,3],[60,1],[65,1],[70,2],[80,2],[170,1],[320,1]]",0,0,POINT(-76.9585494995117 38.8591079711914)
